4421william,24.129.78.5
942T,71.135.55.31
aaadvinx,75.151.40.110
AddAds,12.149.24.226
addisonpsf,72.201.71.6
AIHLA05,64.12.117.19
Ajmadison,67.85.224.240
AllanMiguel,210.14.22.168
AndrewG,125.60.172.182
andrewmoquin,121.97.202.205
annabellagirl,94.169.107.59
AnneHu,152.216.3.5
AnnuityExpert11,203.87.204.238
Apotik,117.103.169.165
Areal,63.241.202.8
AttyAnn,64.12.116.207
AutoVitals,72.194.219.67
Aviwax,65.49.136.230
ayah,115.146.224.206
ayersrepairs,72.194.219.67
b2bsaleschassc,69.73.67.234
BAD32,96.255.106.196
bbmedia,71.107.204.48
bdpurdy,63.241.202.8
beanstalk,24.68.248.183
BenCyclist,24.129.78.5
bharath_ashok,125.16.204.5
bigmark1972,98.209.136.89
bigmark1973,98.209.136.89
bikegames,113.162.85.118
blackpool-hotel,86.20.175.93
blitzpublicity,209.42.35.242
bluenetworx,220.253.188.53
bobbyk09,68.110.110.223
bobbystiawan,110.139.122.110
bonsen,220.255.7.248
bpvse,152.216.7.5
bradcapo2,203.210.196.177
breynolds,68.230.126.166
bristolandbrook,60.241.185.199
bsarratt,74.219.153.226
BTauthor,207.200.116.136
BUILDING,64.12.116.10
Bundy,60.241.185.199
BusinessBrocker,220.224.237.98
CableMaven,69.84.113.27
callendula,204.11.25.80
candycarter,199.193.13.202
caralluma1,220.253.188.53
CardAssist,66.74.94.52
carloan,75.80.118.133
carspolaris,72.194.219.67
catherine,58.62.47.129
cdrseabee,205.188.117.80
CFN,70.171.110.76
ChangingTable,68.229.127.25
chaschiropracto,69.73.67.234
chasdentist,69.73.67.234
chashotelrooms,69.73.67.234
chasweddingvenu,68.213.125.174
chloe,220.255.7.248
choesh,208.83.48.16
Chris Hooley,70.171.227.161
clarkjohnson,41.204.224.19
ClarkL,59.95.175.100
clawe,62.2.78.194
Cleanmywindows,60.241.185.199
cnhairtinsel,58.19.23.80
collegedating,70.170.110.98
colly,69.241.82.132
corney,220.224.237.98
corvalcorp,205.188.116.15
CosmicRabbit,205.188.117.72
darren_outsourc,76.22.142.23
davecc,66.93.66.228
DavidDish,69.84.113.27
daviddlinux,90.49.133.78
Declan,83.147.178.151
demejoe,98.212.129.226
dennis13,64.12.117.19
dennisdye8,205.188.117.72
denverseo,67.164.179.30
dependablecar,72.194.219.67
DesignerJeans,94.169.172.80
deweng,12.149.24.226
DMP360Fall09,208.69.93.77
dogboardchas,68.213.125.174
dominatenashvil,76.22.142.23
donlat3,208.187.181.136
DrBill,64.140.204.198
Drgeller,68.110.110.223
DrMath,207.200.116.14
Dtiinphx,207.200.116.135
ebookoo,118.96.144.149
ebv781,75.181.93.148
edfranklin,130.94.123.98
eeoms,98.192.123.80
elquesefue,209.26.59.93
ema,222.127.15.250
emailmarketing,202.82.127.147
emgeea,205.188.116.10
Eric1223,205.188.117.6
etnier1,205.188.117.6
EviesRealty,119.92.125.207
Fireflies,205.188.116.10
FLAWeb,24.73.154.188
footballjerseys,96.30.14.88
gasoiline,70.170.110.98
Genesis726,64.12.116.15
gerow,120.138.81.37
GinaHChicago,68.111.209.215
globalyuen,202.82.127.147
gmoney,74.219.153.226
GMPLLC,69.255.16.223
gold,71.20.169.138
gopz,67.172.82.176
grannyann,64.12.116.15
HamperGuy,81.104.133.209
HannaFer,68.145.58.27
hardwood,216.215.144.201
hectorins,64.12.117.75
hellyjay,41.204.224.19
hotels,86.20.175.93
hpgoodboy,173.169.111.211
hplaw,198.185.18.207
Hydroponics,70.170.110.98
imarketer09,115.146.224.206
Insite,98.247.170.31
insurancefinder,70.166.6.10
InvestorGuy,79.75.234.207
ivnash,220.255.7.112
IYF,72.88.212.218
jackyjan,71.107.204.48
Jah-healer,204.68.245.11
jalopy05,167.219.88.140
JamesAndy,59.95.175.100
jamesj,121.246.81.202
jamestkirk,203.97.203.253
janglebeezz,75.151.40.110
jarnett,207.200.116.137
JasmynMaia,121.97.202.205
jayben,208.187.181.136
jb4522jb,24.162.227.50
jenhav,98.109.117.130
JenniferD,96.255.106.196
JenniferMartin1,69.127.12.5
Jerry,64.12.116.69
jessicatexas,24.129.78.5
jim7907,79.129.29.236
jimcallahan,199.193.13.202
jjsutton79,68.51.137.2
jobshere,122.172.119.19
jodypenn,174.133.9.144
joefibonacci,174.133.179.202
JoeGamer,71.172.56.232
Joemicheal,119.63.129.206
johnnylingoman,208.187.181.136
Johnpeterr,130.94.123.98
jolinarodriguez,210.14.22.168
jonathan21,24.129.78.5
jtilley,68.148.136.83
JulieR,24.153.200.49
JumboLoan,70.171.110.76
jwh018,62.205.171.181
jwhite1347,12.198.98.51
kennedyusa058,203.210.196.177
Kilts4Less,81.104.133.209
Kim,152.216.3.5
kisko,202.56.7.149
knightVision,208.83.48.16
larrysautoworks,72.194.219.67
lauramills,71.174.169.141
LAWS,69.127.12.5
lebronjamesshoe,121.1.54.56
leeschill213,75.181.93.148
lender3212000,216.185.186.2
Lex87,24.68.248.183
lghancock,152.216.11.5
LGTransport,24.129.78.5
lilia_dayspa,216.215.144.201
linkerati,69.178.141.226
LiveIdentity,209.42.35.242
lninter2,64.12.116.71
LoadTruck,207.200.116.8
loansexpress,59.100.21.178
locksmiths,67.83.178.56
LouFogel,71.174.169.141
LurMkr,64.12.116.13
MarkAntoine,88.164.9.99
MarkLance,88.164.9.99
markryan,98.100.15.50
markspenser,121.246.81.202
maxwell_don,93.74.19.219
mazpantz,75.151.40.110
mbd495,76.97.237.222
MBsha6,205.188.117.78
MerchantSell,117.102.42.234
michaelpillsb,98.109.117.130
michaelsmith,153.2.246.34
mickh,83.147.178.151
miehealth,208.69.93.77
mike,117.102.42.234
MinEn,203.208.248.107
mmelen,98.109.117.130
mmiller,68.148.136.83
monika70,205.188.116.145
monkeyjoes,68.230.126.166
MotorPalm,207.200.116.136
mrchris30,72.88.212.218
mrhelpful,203.97.203.253
MsConflicted,64.12.117.75
muddg,120.138.81.37
MultiSyncLCD,121.97.74.130
mxcc,62.205.171.181
mySBX,66.82.9.54
NancyJ,67.105.228.220
NancySternberg,63.241.202.8
NateKerra,208.187.181.136
nathdeal,203.177.74.136
NativeSons,64.12.117.75
newbizguy,68.154.249.46
NewOrleans,70.171.125.129
ni9404,76.97.237.222
Nikko128,64.12.116.201
ninanina,117.103.169.166
NJ1018,121.58.204.115
northwestinsura,75.80.118.133
notun,70.240.91.239
NursingBraDeals,68.229.127.25
nycattorney,74.215.236.199
nycattorney1,74.215.236.199
ovthetop,64.12.116.73
pacman,119.92.125.207
PainterJones,71.172.56.232
PalmBeach,70.171.125.129
Patti,205.188.117.80
paxuh,80.212.80.179
pdfee,118.96.144.149
PembrokePines,74.215.236.199
Penfishingrods,205.188.117.6
Peters-Freedman,198.185.18.207
phildir,121.54.67.146
philjr43,64.12.116.19
pipin,202.56.7.149
preservatif,90.49.133.78
Questions,94.194.200.93
RachelRich,203.208.248.107
randy,204.229.220.1
rayzist1,66.74.192.31
re5823,173.169.111.211
redruss,71.174.169.141
resultsonly,68.110.110.223
Reubenberger,152.216.11.5
rickyes,121.97.202.205
Riprock,70.171.125.129
risdonauto,72.194.219.67
RobertSim,68.145.58.27
rocky87,12.149.24.226
rodz37,82.24.80.43
rodzt37,82.24.80.43
rommachine,59.95.175.100
rsssalon,205.188.116.207
rstan251,68.110.110.223
Rubberecycle,67.85.224.240
rubtheweb,122.172.119.19
ruggrand,12.156.194.3
samueljaxon,89.19.96.248
Scottsdale Guy,70.171.227.161
sean11,202.54.83.29
SemmyMar,24.129.78.5
SEO,68.106.154.177
seoace,76.97.237.222
SeoDave,71.174.169.141
seop,69.178.141.226
seosantamonica,70.170.110.98
sewdragondesign,205.188.116.20
sexfurnitures,121.1.54.56
sfattorney1,74.215.236.199
shamblesh,220.253.188.53
shauna,98.175.175.180
siotw,66.74.94.52
Skin-Care,68.101.114.81
smallbusinessco,110.139.122.110
Solar_Geek,94.169.107.59
Soundslikehome,60.241.185.199
StanDance,24.129.78.5
stenzel,199.193.13.202
SteveM,63.241.202.8
studylance,94.194.200.93
suek,67.105.228.220
sweetp,64.12.116.134
Tealuck2,205.188.116.67
tileman,98.247.108.204
tizy,98.247.108.204
tms12,70.240.91.239
tobyone,69.255.16.223
tonywarren,202.54.83.29
tracy_mstrading,58.62.47.129
tradedisplay,72.201.71.6
travelins,68.230.126.166
tristin04,68.51.137.2
VeteranOwnedBiz,24.73.154.188
walter1960,69.132.20.168
WaxAssoc,65.49.136.230
webdesignoz,59.100.21.178
webpromote2612,113.162.85.118
website,68.101.114.81
Wedding,117.103.169.166
weddings,67.176.186.44
whiteinkstudios,68.101.114.81
wholden43,207.200.116.8
Willie,62.205.171.181
working80,64.12.116.69
wowaccounts,117.103.169.165
Yardyatesman,24.129.78.5
Yliana75,67.207.8.8
youHUGE,68.101.114.81
youhuge1,68.101.114.81
YOURWAYINC,205.188.117.6
Zrix5000,94.169.172.80
zrtax,205.188.116.8
