4421william,24.129.78.5,Organization
942T,71.135.55.31,AT&T Internet Services SBCIS-SIS80 | PPPoX Pool - bras19a.pltnca SBCIS-111705083515 
aaadvinx,75.151.40.110,"Comcast Business Communications, Inc. CBC-CM-5 | Comcast Business Communications, Inc. CBC-NAPLES-13 "
AddAds,12.149.24.226,AT&T WorldNet Services ATT | AT&T WorldNet Services ATTSVCM-12-149-24-0 | ADSHIP LLC ADSHIP-L82-24-224 
addisonpsf,72.201.71.6,Cox Communications Inc. NETBLK-COX-ATLANTA-11 | Cox Communications NETBLK-PH-RDC-72-201-0-0 
AIHLA05,64.12.117.19,"America Online, Inc."
Ajmadison,67.85.224.240,Optimum Online NETBLK-OOL-4BLK | Optimum Online (Cablevision Systems) OOL-CPE-JCSNNJ-67-85-224-0-20 
AllanMiguel,210.14.22.168,INTERNET SERVICE PROVIDER
AndrewG,125.60.172.182,Smart Broadband Incorporated
andrewmoquin,121.97.202.205,BayanTel Broadband DSL - NetValue
annabellagirl,94.169.107.59,BROADBAND AZTEC WEST
AnneHu,152.216.3.5,Internal Revenue Service
AnnuityExpert11,203.87.204.238,Smart Broadband Incorporated
Apotik,117.103.169.165,"Pika Media Komunika, PT."
Areal,63.241.202.8,CERFnet
AttyAnn,64.12.116.207,"America Online, Inc."
AutoVitals,72.194.219.67,Cox Communications Inc. NETBLK-COX-ATLANTA-11 | Cox Communications NETBLK-SD-RDC-72-194-208-0 
Aviwax,65.49.136.230,Internet Operating Services of Arizona LLC IOSAZ-1 | Internet Operating Services Internal Use IOSAZ-INT-65-49-136 
ayah,115.146.224.206,Digital Telecommunications Phils. Inc.
ayersrepairs,72.194.219.67,Cox Communications Inc. NETBLK-COX-ATLANTA-11 | Cox Communications NETBLK-SD-RDC-72-194-208-0 
b2bsaleschassc,69.73.67.234,"KNOLOGY,  Inc. KNOLOGY-NET | KNOLOGY,  Inc. CHAR41 "
BAD32,96.255.106.196,Verizon Internet Services Inc.
bbmedia,71.107.204.48,Verizon Internet Services Inc.
bdpurdy,63.241.202.8,CERFnet
beanstalk,24.68.248.183,Shaw Communications Inc.
BenCyclist,24.129.78.5,"Comcast Cable Communications Holdings, Inc CCCH3-21 | Comcast Cable Communications Holdings, Inc JACKSONVILLE-19 "
bharath_ashok,125.16.204.5,Satyam Computers
bigmark1972,98.209.136.89,"Comcast Cable Communications, Inc. JUMPSTART-5 | Comcast Cable Communications, Inc. MICHIGAN-36 "
bigmark1973,98.209.136.89,"Comcast Cable Communications, Inc. JUMPSTART-5 | Comcast Cable Communications, Inc. MICHIGAN-36 "
bikegames,113.162.85.118,VietNam Post and Telecom Corporation
blackpool-hotel,86.20.175.93,NTL Infrastructure - Birmingham
blitzpublicity,209.42.35.242,DSLi Corporation
bluenetworx,220.253.188.53,Netspace Online Systems Pty Ltd
bobbyk09,68.110.110.223,Cox Communications Inc. NETBLK-PH-RDC-68-110-64-0 | Cox Communications Inc. COX-ATLANTA-2 
bobbystiawan,110.139.122.110,PT TELKOM INDONESIA
bonsen,220.255.7.248,SingNet Pte Ltd
bpvse,152.216.7.5,Internal Revenue Service
bradcapo2,203.210.196.177,Vietnam Telecom National
breynolds,68.230.126.166,Cox Communications Inc. NETBLK-COX-ATLANTA-7 | Cox Communications NETBLK-PH-RDC-68-230-0-0 
bristolandbrook,60.241.185.199,TPG Internet Pty Ltd.
bsarratt,74.219.153.226,Road Runner HoldCo LLC
BTauthor,207.200.116.136,Netscape Communications Corp.
BUILDING,64.12.116.10,"America Online, Inc."
Bundy,60.241.185.199,TPG Internet Pty Ltd.
BusinessBrocker,220.224.237.98,Reliance Communications Ltd
CableMaven,69.84.113.27,"Atlantic Broadband Finance, LLC ATLANTICBB-MIAMI | Atlantic Broadband MIA-FL-69-84-96-0 "
callendula,204.11.25.80,"NBN Internet, LLC"
candycarter,199.193.13.202,"Media General, Inc."
caralluma1,220.253.188.53,Netspace Online Systems Pty Ltd
CardAssist,66.74.94.52,Road Runner HoldCo LLC
carloan,75.80.118.133,Road Runner HoldCo LLC
carspolaris,72.194.219.67,Cox Communications Inc. NETBLK-COX-ATLANTA-11 | Cox Communications NETBLK-SD-RDC-72-194-208-0 
catherine,58.62.47.129,CHINANET Guangdong province network
cdrseabee,205.188.117.80,"America Online, Inc"
CFN,70.171.110.76,Cox Communications Inc. NETBLK-COX-ATLANTA-10 | Cox Communications NETBLK-NO-RDC-70-171-64-0 
ChangingTable,68.229.127.25,Cox Communications Inc. NETBLK-COX-ATLANTA-7 | Cox Communications NETBLK-HR-RDC-68-229-96-0 
chaschiropracto,69.73.67.234,"KNOLOGY,  Inc. KNOLOGY-NET | KNOLOGY,  Inc. CHAR41 "
chasdentist,69.73.67.234,"KNOLOGY,  Inc. KNOLOGY-NET | KNOLOGY,  Inc. CHAR41 "
chashotelrooms,69.73.67.234,"KNOLOGY,  Inc. KNOLOGY-NET | KNOLOGY,  Inc. CHAR41 "
chasweddingvenu,68.213.125.174,BellSouth.net Inc.
chloe,220.255.7.248,SingNet Pte Ltd
choesh,208.83.48.16,Project Performance Corporation
Chris Hooley,70.171.227.161,Cox Communications Inc. NETBLK-COX-ATLANTA-10 | Cox Communications NETBLK-PH-RDC-70-171-192-0 
clarkjohnson,41.204.224.19,Dynamic IP pools for Direct on PC Ltd
ClarkL,59.95.175.100,NIB (National Internet Backbone)
clawe,62.2.78.194,5506 Maegenwil
Cleanmywindows,60.241.185.199,TPG Internet Pty Ltd.
cnhairtinsel,58.19.23.80,China Unicom HuBei Province Network
collegedating,70.170.110.98,Cox Communications Inc. NETBLK-COX-ATLANTA-10 | Cox Communications NETBLK-LV-RDC-70-170-0-0 
colly,69.241.82.132,"Comcast Cable Communications, Inc. JUMPSTART-4 | Comcast Cable Communications, Inc. COMAST-19 "
corney,220.224.237.98,Reliance Communications Ltd
corvalcorp,205.188.116.15,"America Online, Inc"
CosmicRabbit,205.188.117.72,"America Online, Inc"
darren_outsourc,76.22.142.23,"Comcast Cable Communications, Inc. WESTERN-1 | Comcast Cable Communications, Inc. NASHVILLE-23 "
davecc,66.93.66.228,"Speakeasy, Inc. SPEAKEASY-5 | Merchant Resources International SPEK-631029-0 "
DavidDish,69.84.113.27,"Atlantic Broadband Finance, LLC ATLANTICBB-MIAMI | Atlantic Broadband MIA-FL-69-84-96-0 "
daviddlinux,90.49.133.78,BSREN359 Rennes Bloc 2
Declan,83.147.178.151,Digiweb CMTS Network
demejoe,98.212.129.226,"Comcast Cable Communications, Inc. JUMPSTART-5 | Comcast Cable Communications, Inc. ILLINOIS-34 "
dennis13,64.12.117.19,"America Online, Inc."
dennisdye8,205.188.117.72,"America Online, Inc"
denverseo,67.164.179.30,"Comcast Cable Communications, Inc. COMCAST | Comcast Cable Communications, Inc. COLORADO-4 "
dependablecar,72.194.219.67,Cox Communications Inc. NETBLK-COX-ATLANTA-11 | Cox Communications NETBLK-SD-RDC-72-194-208-0 
DesignerJeans,94.169.172.80,BROADBAND CROYDON
deweng,12.149.24.226,AT&T WorldNet Services ATT | AT&T WorldNet Services ATTSVCM-12-149-24-0 | ADSHIP LLC ADSHIP-L82-24-224 
DMP360Fall09,208.69.93.77,"Awecomm Technologies, LLC"
dogboardchas,68.213.125.174,BellSouth.net Inc.
dominatenashvil,76.22.142.23,"Comcast Cable Communications, Inc. WESTERN-1 | Comcast Cable Communications, Inc. NASHVILLE-23 "
donlat3,208.187.181.136,"Integra Telecom, Inc. ELI-2-NETBLK99 | Off Campus Tele Communications ELI-D0BBB400-3404-607 "
DrBill,64.140.204.198,WorldPath Internet Services
Drgeller,68.110.110.223,Cox Communications Inc. NETBLK-PH-RDC-68-110-64-0 | Cox Communications Inc. COX-ATLANTA-2 
DrMath,207.200.116.14,Netscape Communications Corp.
Dtiinphx,207.200.116.135,Netscape Communications Corp.
ebookoo,118.96.144.149,PT Telekomunikasi Indonesia
ebv781,75.181.93.148,Road Runner HoldCo LLC
edfranklin,130.94.123.98,"NTT America, Inc."
eeoms,98.192.123.80,"Comcast Cable Communications, Inc. JUMPSTART-5 | Comcast Cable Communications, Inc. ATLANTA-CPE-18 "
elquesefue,209.26.59.93,"Embarq Corporation EMBARQ-GLOBAL | GulfAccess, Inc. GULFACCESS3 "
ema,222.127.15.250,Globe Telecom/Innove Communication
emailmarketing,202.82.127.147,SUPREME NET
emgeea,205.188.116.10,"America Online, Inc"
Eric1223,205.188.117.6,"America Online, Inc"
etnier1,205.188.117.6,"America Online, Inc"
EviesRealty,119.92.125.207,IPG
Fireflies,205.188.116.10,"America Online, Inc"
FLAWeb,24.73.154.188,Road Runner HoldCo LLC
footballjerseys,96.30.14.88,Cogswell Enterprises Inc.
gasoiline,70.170.110.98,Cox Communications Inc. NETBLK-COX-ATLANTA-10 | Cox Communications NETBLK-LV-RDC-70-170-0-0 
Genesis726,64.12.116.15,"America Online, Inc."
gerow,120.138.81.37,"Macro Lynx Sdn Bhd, ISP, Kuala Lumpur, Malaysia"
GinaHChicago,68.111.209.215,Cox Communications Inc. COX-ATLANTA-2 | Cox Communications NETBLK-SD-RDC-68-111-128-0 
globalyuen,202.82.127.147,SUPREME NET
gmoney,74.219.153.226,Road Runner HoldCo LLC
GMPLLC,69.255.16.223,"Comcast Cable Communications, Inc. JUMPSTART-4 | Comcast Cable Communications, Inc. DC-24 "
gold,71.20.169.138,Clearwire US LLC
gopz,67.172.82.176,"Comcast Cable Communications, Inc. COMCAST | Comcast Cable Communications, IP Services MICHIGAN-L-3 "
grannyann,64.12.116.15,"America Online, Inc."
HamperGuy,81.104.133.209,NTL Infrastructure - Renfrew
HannaFer,68.145.58.27,Shaw Communications Inc.
hardwood,216.215.144.201,"NuVox Communications, Inc."
hectorins,64.12.117.75,"America Online, Inc."
hellyjay,41.204.224.19,Dynamic IP pools for Direct on PC Ltd
hotels,86.20.175.93,NTL Infrastructure - Birmingham
hpgoodboy,173.169.111.211,Road Runner HoldCo LLC
hplaw,198.185.18.207,LEXIS-NEXIS
Hydroponics,70.170.110.98,Cox Communications Inc. NETBLK-COX-ATLANTA-10 | Cox Communications NETBLK-LV-RDC-70-170-0-0 
imarketer09,115.146.224.206,Digital Telecommunications Phils. Inc.
Insite,98.247.170.31,"Comcast Cable Communications, Inc. JUMPSTART-5 | Comcast Cable Communications, Inc. WASHINGTON-24 "
insurancefinder,70.166.6.10,Cox Communications Inc. NETBLK-COX-ATLANTA-10 | Cox Communications NETBLK-SD-CBS-70-166-0-0 
InvestorGuy,79.75.234.207,Tiscali UK Ltd
ivnash,220.255.7.112,SingNet Pte Ltd
IYF,72.88.212.218,Verizon Internet Services Inc. VIS-72-64 | FIND LOCKSMITH FTTP 
jackyjan,71.107.204.48,Verizon Internet Services Inc.
Jah-healer,204.68.245.11,State of Louisiana Office of Telecommunications Management
jalopy05,167.219.88.140,Deloitte & Touche
JamesAndy,59.95.175.100,NIB (National Internet Backbone)
jamesj,121.246.81.202,Internet Service Provider
jamestkirk,203.97.203.253,TelstraClear Ltd
janglebeezz,75.151.40.110,"Comcast Business Communications, Inc. CBC-CM-5 | Comcast Business Communications, Inc. CBC-NAPLES-13 "
jarnett,207.200.116.137,Netscape Communications Corp.
JasmynMaia,121.97.202.205,BayanTel Broadband DSL - NetValue
jayben,208.187.181.136,"Integra Telecom, Inc. ELI-2-NETBLK99 | Off Campus Tele Communications ELI-D0BBB400-3404-607 "
jb4522jb,24.162.227.50,Road Runner HoldCo LLC
jenhav,98.109.117.130,Verizon Internet Services Inc.
JenniferD,96.255.106.196,Verizon Internet Services Inc.
JenniferMartin1,69.127.12.5,Optimum Online NETBLK-OOL-6BLK | Optimum Online (Cablevision Systems) OOL-CPE-MHWHNJ-69-127-0-0-19 
Jerry,64.12.116.69,"America Online, Inc."
jessicatexas,24.129.78.5,"Comcast Cable Communications Holdings, Inc CCCH3-21 | Comcast Cable Communications Holdings, Inc JACKSONVILLE-19 "
jim7907,79.129.29.236,Multiprotocol Service Provider to other ISP's and End Users
jimcallahan,199.193.13.202,"Media General, Inc."
jjsutton79,68.51.137.2,"Comcast Cable Communications, Inc. JUMPSTART-1 | Comcast Cable Communications, Inc. SAVANNAH-1 "
jobshere,122.172.119.19,"ABTS (Karnataka),"
jodypenn,174.133.9.144,"ThePlanet.com Internet Services, Inc."
joefibonacci,174.133.179.202,"ThePlanet.com Internet Services, Inc."
JoeGamer,71.172.56.232,Verizon Internet Services Inc.
Joemicheal,119.63.129.206,Karachi
johnnylingoman,208.187.181.136,"Integra Telecom, Inc. ELI-2-NETBLK99 | Off Campus Tele Communications ELI-D0BBB400-3404-607 "
Johnpeterr,130.94.123.98,"NTT America, Inc."
jolinarodriguez,210.14.22.168,INTERNET SERVICE PROVIDER
jonathan21,24.129.78.5,"Comcast Cable Communications Holdings, Inc CCCH3-21 | Comcast Cable Communications Holdings, Inc JACKSONVILLE-19 "
jtilley,68.148.136.83,Shaw Communications Inc.
JulieR,24.153.200.49,Road Runner HoldCo LLC
JumboLoan,70.171.110.76,Cox Communications Inc. NETBLK-COX-ATLANTA-10 | Cox Communications NETBLK-NO-RDC-70-171-64-0 
jwh018,62.205.171.181,Bayterg
jwhite1347,12.198.98.51,AT&T WorldNet Services ATT | MCGRAW BLUE CANOPY MCGRAW-B13-98-48 
kennedyusa058,203.210.196.177,Vietnam Telecom National
Kilts4Less,81.104.133.209,NTL Infrastructure - Renfrew
Kim,152.216.3.5,Internal Revenue Service
kisko,202.56.7.149,Grameenphone is the largest telecommunication Organisation
knightVision,208.83.48.16,Project Performance Corporation
larrysautoworks,72.194.219.67,Cox Communications Inc. NETBLK-COX-ATLANTA-11 | Cox Communications NETBLK-SD-RDC-72-194-208-0 
lauramills,71.174.169.141,Verizon Internet Services Inc.
LAWS,69.127.12.5,Optimum Online NETBLK-OOL-6BLK | Optimum Online (Cablevision Systems) OOL-CPE-MHWHNJ-69-127-0-0-19 
lebronjamesshoe,121.1.54.56,Smart Broadband Incorporated
leeschill213,75.181.93.148,Road Runner HoldCo LLC
lender3212000,216.185.186.2,"Integra Telecom, Inc."
Lex87,24.68.248.183,Shaw Communications Inc.
lghancock,152.216.11.5,Internal Revenue Service
LGTransport,24.129.78.5,"Comcast Cable Communications Holdings, Inc CCCH3-21 | Comcast Cable Communications Holdings, Inc JACKSONVILLE-19 "
lilia_dayspa,216.215.144.201,"NuVox Communications, Inc."
linkerati,69.178.141.226,Telepacific Communications TELEPACIFIC-BLK-1 | Search Engine Optimization SEARCH-ENGINE-OPTIMIZATION 
LiveIdentity,209.42.35.242,DSLi Corporation
lninter2,64.12.116.71,"America Online, Inc."
LoadTruck,207.200.116.8,Netscape Communications Corp.
loansexpress,59.100.21.178,AAPT Limited
locksmiths,67.83.178.56,Optimum Online NETBLK-OOL-4BLK | Optimum Online (Cablevision Systems) OOL-CPE-HCKNNJ-67-83-176-0-20 
LouFogel,71.174.169.141,Verizon Internet Services Inc.
LurMkr,64.12.116.13,"America Online, Inc."
MarkAntoine,88.164.9.99,Proxad / Free SAS
MarkLance,88.164.9.99,Proxad / Free SAS
markryan,98.100.15.50,Road Runner HoldCo LLC
markspenser,121.246.81.202,Internet Service Provider
maxwell_don,93.74.19.219,Volia Subnet
mazpantz,75.151.40.110,"Comcast Business Communications, Inc. CBC-CM-5 | Comcast Business Communications, Inc. CBC-NAPLES-13 "
mbd495,76.97.237.222,"Comcast Cable Communications, Inc. JUMPSTART-5 | Comcast Cable Communications, Inc. ATLANTA-CPE-15 "
MBsha6,205.188.117.78,"America Online, Inc"
MerchantSell,117.102.42.234,Worldcall Telecom Ltd
michaelpillsb,98.109.117.130,Verizon Internet Services Inc.
michaelsmith,153.2.246.34,UNITED PARCEL SERVICE
mickh,83.147.178.151,Digiweb CMTS Network
miehealth,208.69.93.77,"Awecomm Technologies, LLC"
mike,117.102.42.234,Worldcall Telecom Ltd
MinEn,203.208.248.107,Engineering company
mmelen,98.109.117.130,Verizon Internet Services Inc.
mmiller,68.148.136.83,Shaw Communications Inc.
monika70,205.188.116.145,"America Online, Inc"
monkeyjoes,68.230.126.166,Cox Communications Inc. NETBLK-COX-ATLANTA-7 | Cox Communications NETBLK-PH-RDC-68-230-0-0 
MotorPalm,207.200.116.136,Netscape Communications Corp.
mrchris30,72.88.212.218,Verizon Internet Services Inc. VIS-72-64 | FIND LOCKSMITH FTTP 
mrhelpful,203.97.203.253,TelstraClear Ltd
MsConflicted,64.12.117.75,"America Online, Inc."
muddg,120.138.81.37,"Macro Lynx Sdn Bhd, ISP, Kuala Lumpur, Malaysia"
MultiSyncLCD,121.97.74.130,Bayan Broadband - ATC_SL_Technological_College_Foundation
mxcc,62.205.171.181,Bayterg
mySBX,66.82.9.54,Hughes Network Systems
NancyJ,67.105.228.220,XO Communications
NancySternberg,63.241.202.8,CERFnet
NateKerra,208.187.181.136,"Integra Telecom, Inc. ELI-2-NETBLK99 | Off Campus Tele Communications ELI-D0BBB400-3404-607 "
nathdeal,203.177.74.136,Globe Telecom
NativeSons,64.12.117.75,"America Online, Inc."
newbizguy,68.154.249.46,BellSouth.net Inc.
NewOrleans,70.171.125.129,Cox Communications Inc. NETBLK-COX-ATLANTA-10 | Cox Communications NETBLK-NO-RDC-70-171-64-0 
ni9404,76.97.237.222,"Comcast Cable Communications, Inc. JUMPSTART-5 | Comcast Cable Communications, Inc. ATLANTA-CPE-15 "
Nikko128,64.12.116.201,"America Online, Inc."
ninanina,117.103.169.166,"Pika Media Komunika, PT."
NJ1018,121.58.204.115,COMCLARK CABLE INTERNET PAMPANGA 105
northwestinsura,75.80.118.133,Road Runner HoldCo LLC
notun,70.240.91.239,AT&T Internet Services SBCIS-SIS80 | PPPoX Pool - Rback19 HSTNTX3 SBC07024008000020040505103108 
NursingBraDeals,68.229.127.25,Cox Communications Inc. NETBLK-COX-ATLANTA-7 | Cox Communications NETBLK-HR-RDC-68-229-96-0 
nycattorney,74.215.236.199,Fuse Internet Access
nycattorney1,74.215.236.199,Fuse Internet Access
ovthetop,64.12.116.73,"America Online, Inc."
pacman,119.92.125.207,IPG
PainterJones,71.172.56.232,Verizon Internet Services Inc.
PalmBeach,70.171.125.129,Cox Communications Inc. NETBLK-COX-ATLANTA-10 | Cox Communications NETBLK-NO-RDC-70-171-64-0 
Patti,205.188.117.80,"America Online, Inc"
paxuh,80.212.80.179,Telenor Business Solution AS
pdfee,118.96.144.149,PT Telekomunikasi Indonesia
PembrokePines,74.215.236.199,Fuse Internet Access
Penfishingrods,205.188.117.6,"America Online, Inc"
Peters-Freedman,198.185.18.207,LEXIS-NEXIS
phildir,121.54.67.146,Smart Broadband Incorporated
philjr43,64.12.116.19,"America Online, Inc."
pipin,202.56.7.149,Grameenphone is the largest telecommunication Organisation
preservatif,90.49.133.78,BSREN359 Rennes Bloc 2
Questions,94.194.200.93,London Business Static
RachelRich,203.208.248.107,Engineering company
randy,204.229.220.1,"WestNet, Inc. WESTNET-W4 | Arizona Tri-University Network (ASU, UA, NAU) WEST-204-229-192-ARIZ | Arizona Western College AWC-EDU "
rayzist1,66.74.192.31,Road Runner HoldCo LLC
re5823,173.169.111.211,Road Runner HoldCo LLC
redruss,71.174.169.141,Verizon Internet Services Inc.
resultsonly,68.110.110.223,Cox Communications Inc. NETBLK-PH-RDC-68-110-64-0 | Cox Communications Inc. COX-ATLANTA-2 
Reubenberger,152.216.11.5,Internal Revenue Service
rickyes,121.97.202.205,BayanTel Broadband DSL - NetValue
Riprock,70.171.125.129,Cox Communications Inc. NETBLK-COX-ATLANTA-10 | Cox Communications NETBLK-NO-RDC-70-171-64-0 
risdonauto,72.194.219.67,Cox Communications Inc. NETBLK-COX-ATLANTA-11 | Cox Communications NETBLK-SD-RDC-72-194-208-0 
RobertSim,68.145.58.27,Shaw Communications Inc.
rocky87,12.149.24.226,AT&T WorldNet Services ATT | AT&T WorldNet Services ATTSVCM-12-149-24-0 | ADSHIP LLC ADSHIP-L82-24-224 
rodz37,82.24.80.43,Virgin Media - Baguley
rodzt37,82.24.80.43,Virgin Media - Baguley
rommachine,59.95.175.100,NIB (National Internet Backbone)
rsssalon,205.188.116.207,"America Online, Inc"
rstan251,68.110.110.223,Cox Communications Inc. NETBLK-PH-RDC-68-110-64-0 | Cox Communications Inc. COX-ATLANTA-2 
Rubberecycle,67.85.224.240,Optimum Online NETBLK-OOL-4BLK | Optimum Online (Cablevision Systems) OOL-CPE-JCSNNJ-67-85-224-0-20 
rubtheweb,122.172.119.19,"ABTS (Karnataka),"
ruggrand,12.156.194.3,AT&T WorldNet Services ATT | DOC-INTERNATIONAL TRADE ADMIN DOC-INTE54-194 
samueljaxon,89.19.96.248,Grygoriy Chereda leased lines
Scottsdale Guy,70.171.227.161,Cox Communications Inc. NETBLK-COX-ATLANTA-10 | Cox Communications NETBLK-PH-RDC-70-171-192-0 
sean11,202.54.83.29,Internet Service Provider
SemmyMar,24.129.78.5,"Comcast Cable Communications Holdings, Inc CCCH3-21 | Comcast Cable Communications Holdings, Inc JACKSONVILLE-19 "
SEO,68.106.154.177,Cox Communications Inc. NETBLK-HR-CBS-68-106-152-0 | Cox Communications Inc. COX-ATLANTA-2 
seoace,76.97.237.222,"Comcast Cable Communications, Inc. JUMPSTART-5 | Comcast Cable Communications, Inc. ATLANTA-CPE-15 "
SeoDave,71.174.169.141,Verizon Internet Services Inc.
seop,69.178.141.226,Telepacific Communications TELEPACIFIC-BLK-1 | Search Engine Optimization SEARCH-ENGINE-OPTIMIZATION 
seosantamonica,70.170.110.98,Cox Communications Inc. NETBLK-COX-ATLANTA-10 | Cox Communications NETBLK-LV-RDC-70-170-0-0 
sewdragondesign,205.188.116.20,"America Online, Inc"
sexfurnitures,121.1.54.56,Smart Broadband Incorporated
sfattorney1,74.215.236.199,Fuse Internet Access
shamblesh,220.253.188.53,Netspace Online Systems Pty Ltd
shauna,98.175.175.180,Cox Communications Inc. CXA | Cox Communications NETBLK-OK-CBS-98-175-168-0 
siotw,66.74.94.52,Road Runner HoldCo LLC
Skin-Care,68.101.114.81,Cox Communications Inc. NETBLK-OC-RDC-68-101-96-0 | Cox Communications Inc. COX-ATLANTA-2 
smallbusinessco,110.139.122.110,PT TELKOM INDONESIA
Solar_Geek,94.169.107.59,BROADBAND AZTEC WEST
Soundslikehome,60.241.185.199,TPG Internet Pty Ltd.
StanDance,24.129.78.5,"Comcast Cable Communications Holdings, Inc CCCH3-21 | Comcast Cable Communications Holdings, Inc JACKSONVILLE-19 "
stenzel,199.193.13.202,"Media General, Inc."
SteveM,63.241.202.8,CERFnet
studylance,94.194.200.93,London Business Static
suek,67.105.228.220,XO Communications
sweetp,64.12.116.134,"America Online, Inc."
Tealuck2,205.188.116.67,"America Online, Inc"
tileman,98.247.108.204,"Comcast Cable Communications, Inc. JUMPSTART-5 | Comcast Cable Communications, Inc. WASHINGTON-24 "
tizy,98.247.108.204,"Comcast Cable Communications, Inc. JUMPSTART-5 | Comcast Cable Communications, Inc. WASHINGTON-24 "
tms12,70.240.91.239,AT&T Internet Services SBCIS-SIS80 | PPPoX Pool - Rback19 HSTNTX3 SBC07024008000020040505103108 
tobyone,69.255.16.223,"Comcast Cable Communications, Inc. JUMPSTART-4 | Comcast Cable Communications, Inc. DC-24 "
tonywarren,202.54.83.29,Internet Service Provider
tracy_mstrading,58.62.47.129,CHINANET Guangdong province network
tradedisplay,72.201.71.6,Cox Communications Inc. NETBLK-COX-ATLANTA-11 | Cox Communications NETBLK-PH-RDC-72-201-0-0 
travelins,68.230.126.166,Cox Communications Inc. NETBLK-COX-ATLANTA-7 | Cox Communications NETBLK-PH-RDC-68-230-0-0 
tristin04,68.51.137.2,"Comcast Cable Communications, Inc. JUMPSTART-1 | Comcast Cable Communications, Inc. SAVANNAH-1 "
VeteranOwnedBiz,24.73.154.188,Road Runner HoldCo LLC
walter1960,69.132.20.168,Road Runner HoldCo LLC
WaxAssoc,65.49.136.230,Internet Operating Services of Arizona LLC IOSAZ-1 | Internet Operating Services Internal Use IOSAZ-INT-65-49-136 
webdesignoz,59.100.21.178,AAPT Limited
webpromote2612,113.162.85.118,VietNam Post and Telecom Corporation
website,68.101.114.81,Cox Communications Inc. NETBLK-OC-RDC-68-101-96-0 | Cox Communications Inc. COX-ATLANTA-2 
Wedding,117.103.169.166,"Pika Media Komunika, PT."
weddings,67.176.186.44,"Comcast Cable Communications, Inc. COMCAST | Comcast Cable Communications, Inc ILLINOIS-20 "
whiteinkstudios,68.101.114.81,Cox Communications Inc. NETBLK-OC-RDC-68-101-96-0 | Cox Communications Inc. COX-ATLANTA-2 
wholden43,207.200.116.8,Netscape Communications Corp.
Willie,62.205.171.181,Bayterg
working80,64.12.116.69,"America Online, Inc."
wowaccounts,117.103.169.165,"Pika Media Komunika, PT."
Yardyatesman,24.129.78.5,"Comcast Cable Communications Holdings, Inc CCCH3-21 | Comcast Cable Communications Holdings, Inc JACKSONVILLE-19 "
Yliana75,67.207.8.8,The University of Texas at Brownsville
youHUGE,68.101.114.81,Cox Communications Inc. NETBLK-OC-RDC-68-101-96-0 | Cox Communications Inc. COX-ATLANTA-2 
youhuge1,68.101.114.81,Cox Communications Inc. NETBLK-OC-RDC-68-101-96-0 | Cox Communications Inc. COX-ATLANTA-2 
YOURWAYINC,205.188.117.6,"America Online, Inc"
Zrix5000,94.169.172.80,BROADBAND CROYDON
zrtax,205.188.116.8,"America Online, Inc"
