Login Name,Last Visit IP Address,Organization
bobbystiawan,110.139.122.110,PT TELKOM INDONESIA
smallbusinessco,110.139.122.110,PT TELKOM INDONESIA
ayah,115.146.224.206,Digital Telecommunications Phils. Inc.
imarketer09,115.146.224.206,Digital Telecommunications Phils. Inc.
MerchantSell,117.102.42.234,Worldcall Telecom Ltd
mike,117.102.42.234,Worldcall Telecom Ltd
Apotik,117.103.169.165,"Pika Media Komunika, PT."
wowaccounts,117.103.169.165,"Pika Media Komunika, PT."
ninanina,117.103.169.166,"Pika Media Komunika, PT."
Wedding,117.103.169.166,"Pika Media Komunika, PT."
EviesRealty,119.92.125.207,IPG
pacman,119.92.125.207,IPG
ruggrand,12.156.194.3,"AT&T WorldNet Services ATT (NET-12-0-0-0-1) 
                                  12.0.0.0 - 12.255.255.255
DOC-INTERNATIONAL TRADE ADMIN DOC-INTE54-194 (NET-12-156-194-0-1) 
                                  12.156.194.0 - 12.156.194.255

# ARIN WHOIS database, last updated 2009-11-30 20:00
# Enter ? for additional hints on searching ARIN's WHOIS database.
"
jwhite1347,12.198.98.51,"AT&T WorldNet Services ATT (NET-12-0-0-0-1) 
                                  12.0.0.0 - 12.255.255.255
MCGRAW BLUE CANOPY MCGRAW-B13-98-48 (NET-12-198-98-48-1) 
                                  12.198.98.48 - 12.198.98.63

# ARIN WHOIS database, last updated 2009-11-30 20:00
# Enter ? for additional hints on searching ARIN's WHOIS database.
"
jamesj,121.246.81.202,Internet Service Provider
markspenser,121.246.81.202,Internet Service Provider
MultiSyncLCD,121.97.74.130,Bayan Broadband - ATC_SL_Technological_College_Foundation
jobshere,122.172.119.19,"ABTS (Karnataka),"
rubtheweb,122.172.119.19,"ABTS (Karnataka),"
bharath_ashok,125.16.204.5,Satyam Computers
AndrewG,125.60.172.182,Smart Broadband Incorporated
Alberon,130.237.61.137,RIPE Network Coordination Centre
AlCl,130.237.61.137,RIPE Network Coordination Centre
lghancock,152.216.11.5,Internal Revenue Service
Reubenberger,152.216.11.5,Internal Revenue Service
AnneHu,152.216.3.5,Internal Revenue Service
Kim,152.216.3.5,Internal Revenue Service
michaelsmith,153.2.246.34,UNITED PARCEL SERVICE
CharlotteW,163.252.74.53,Systems Research and Applications Corp.
jalopy05,167.219.88.140,Deloitte & Touche
hpgoodboy,173.169.111.211,Road Runner HoldCo LLC
re5823,173.169.111.211,Road Runner HoldCo LLC
joefibonacci,174.133.179.202,"ThePlanet.com Internet Services, Inc."
jodypenn,174.133.9.144,"ThePlanet.com Internet Services, Inc."
hplaw,198.185.18.207,LEXIS-NEXIS
Peters-Freedman,198.185.18.207,LEXIS-NEXIS
candycarter,199.193.13.202,"Media General, Inc."
jimcallahan,199.193.13.202,"Media General, Inc."
stenzel,199.193.13.202,"Media General, Inc."
emailmarketing,202.82.127.147,SUPREME NET
globalyuen,202.82.127.147,SUPREME NET
MinEn,203.208.248.107,Engineering company
RachelRich,203.208.248.107,Engineering company
bradcapo2,203.210.196.177,Vietnam Telecom National
kennedyusa058,203.210.196.177,Vietnam Telecom National
AnnuityExpert11,203.87.204.238,Smart Broadband Incorporated
randy,204.229.220.1,"WestNet, Inc. WESTNET-W4 (NET-204-228-0-0-1) 
                                  204.228.0.0 - 204.229.255.255
Arizona Tri-University Network (ASU, UA, NAU) WEST-204-229-192-ARIZ (NET-204-229-192-0-1) 
                                  204.229.192.0 - 204.229.255.255
Arizona Western College AWC-EDU (NET-204-229-219-0-1) 
                                  204.229.219.0 - 204.229.223.255

# ARIN WHOIS database, last updated 2009-11-30 20:00
# Enter ? for additional hints on searching ARIN's WHOIS database.
"
emgeea,205.188.116.10,"America Online, Inc"
Fireflies,205.188.116.10,"America Online, Inc"
monika70,205.188.116.145,"America Online, Inc"
corvalcorp,205.188.116.15,"America Online, Inc"
sewdragondesign,205.188.116.20,"America Online, Inc"
rsssalon,205.188.116.207,"America Online, Inc"
Tealuck2,205.188.116.67,"America Online, Inc"
zrtax,205.188.116.8,"America Online, Inc"
Eric1223,205.188.117.6,"America Online, Inc"
etnier1,205.188.117.6,"America Online, Inc"
Penfishingrods,205.188.117.6,"America Online, Inc"
YOURWAYINC,205.188.117.6,"America Online, Inc"
CosmicRabbit,205.188.117.72,"America Online, Inc"
dennisdye8,205.188.117.72,"America Online, Inc"
MBsha6,205.188.117.78,"America Online, Inc"
cdrseabee,205.188.117.80,"America Online, Inc"
Patti,205.188.117.80,"America Online, Inc"
Dtiinphx,207.200.116.135,Netscape Communications Corp.
BTauthor,207.200.116.136,Netscape Communications Corp.
MotorPalm,207.200.116.136,Netscape Communications Corp.
jarnett,207.200.116.137,Netscape Communications Corp.
DrMath,207.200.116.14,Netscape Communications Corp.
LoadTruck,207.200.116.8,Netscape Communications Corp.
wholden43,207.200.116.8,Netscape Communications Corp.
donlat3,208.187.181.136,"Integra Telecom, Inc. ELI-2-NETBLK99 (NET-208-186-0-0-1) 
                                  208.186.0.0 - 208.187.255.255
Off Campus Tele Communications ELI-D0BBB400-3404-607 (NET-208-187-180-0-1) 
                                  208.187.180.0 - 208.187.181.255

# ARIN WHOIS database, last updated 2009-11-30 20:00
# Enter ? for additional hints on searching ARIN's WHOIS database.
"
jayben,208.187.181.136,"Integra Telecom, Inc. ELI-2-NETBLK99 (NET-208-186-0-0-1) 
                                  208.186.0.0 - 208.187.255.255
Off Campus Tele Communications ELI-D0BBB400-3404-607 (NET-208-187-180-0-1) 
                                  208.187.180.0 - 208.187.181.255

# ARIN WHOIS database, last updated 2009-11-30 20:00
# Enter ? for additional hints on searching ARIN's WHOIS database.
"
johnnylingoman,208.187.181.136,"Integra Telecom, Inc. ELI-2-NETBLK99 (NET-208-186-0-0-1) 
                                  208.186.0.0 - 208.187.255.255
Off Campus Tele Communications ELI-D0BBB400-3404-607 (NET-208-187-180-0-1) 
                                  208.187.180.0 - 208.187.181.255

# ARIN WHOIS database, last updated 2009-11-30 20:00
# Enter ? for additional hints on searching ARIN's WHOIS database.
"
NateKerra,208.187.181.136,"Integra Telecom, Inc. ELI-2-NETBLK99 (NET-208-186-0-0-1) 
                                  208.186.0.0 - 208.187.255.255
Off Campus Tele Communications ELI-D0BBB400-3404-607 (NET-208-187-180-0-1) 
                                  208.187.180.0 - 208.187.181.255

# ARIN WHOIS database, last updated 2009-11-30 20:00
# Enter ? for additional hints on searching ARIN's WHOIS database.
"
DMP360Fall09,208.69.93.77,"Awecomm Technologies, LLC"
miehealth,208.69.93.77,"Awecomm Technologies, LLC"
choesh,208.83.48.16,Project Performance Corporation
knightVision,208.83.48.16,Project Performance Corporation
blitzpublicity,209.42.35.242,DSLi Corporation
LiveIdentity,209.42.35.242,DSLi Corporation
AllanMiguel,210.14.22.168,INTERNET SERVICE PROVIDER
jolinarodriguez,210.14.22.168,INTERNET SERVICE PROVIDER
lender3212000,216.185.186.2,"Integra Telecom, Inc."
corney,220.224.237.98,Reliance Communications Ltd
bluenetworx,220.253.71.161,Netspace Online Systems Pty Ltd
Samsara,220.253.71.161,Netspace Online Systems Pty Ltd
ema,222.127.15.250,Globe Telecom/Innove Communication
4421william,24.129.78.5,"Comcast Cable Communications Holdings, Inc CCCH3-21 (NET-24-129-0-0-1) 
                                  24.129.0.0 - 24.129.127.255
Comcast Cable Communications Holdings, Inc JACKSONVILLE-19 (NET-24-129-64-0-1) 
                                  24.129.64.0 - 24.129.127.255

# ARIN WHOIS database, last updated 2009-11-30 20:00
# Enter ? for additional hints on searching ARIN's WHOIS database.
"
jonathan21,24.129.78.5,"Comcast Cable Communications Holdings, Inc CCCH3-21 (NET-24-129-0-0-1) 
                                  24.129.0.0 - 24.129.127.255
Comcast Cable Communications Holdings, Inc JACKSONVILLE-19 (NET-24-129-64-0-1) 
                                  24.129.64.0 - 24.129.127.255

# ARIN WHOIS database, last updated 2009-11-30 20:00
# Enter ? for additional hints on searching ARIN's WHOIS database.
"
newbizguy,24.129.78.5,"Comcast Cable Communications Holdings, Inc CCCH3-21 (NET-24-129-0-0-1) 
                                  24.129.0.0 - 24.129.127.255
Comcast Cable Communications Holdings, Inc JACKSONVILLE-19 (NET-24-129-64-0-1) 
                                  24.129.64.0 - 24.129.127.255

# ARIN WHOIS database, last updated 2009-11-30 20:00
# Enter ? for additional hints on searching ARIN's WHOIS database.
"
StanDance,24.129.78.5,"Comcast Cable Communications Holdings, Inc CCCH3-21 (NET-24-129-0-0-1) 
                                  24.129.0.0 - 24.129.127.255
Comcast Cable Communications Holdings, Inc JACKSONVILLE-19 (NET-24-129-64-0-1) 
                                  24.129.64.0 - 24.129.127.255

# ARIN WHOIS database, last updated 2009-11-30 20:00
# Enter ? for additional hints on searching ARIN's WHOIS database.
"
JulieR,24.153.200.49,Road Runner HoldCo LLC
jb4522jb,24.162.227.50,Road Runner HoldCo LLC
beanstalk,24.68.248.183,Shaw Communications Inc.
Lex87,24.68.248.183,Shaw Communications Inc.
FLAWeb,24.73.154.188,Road Runner HoldCo LLC
VeteranOwnedBiz,24.73.154.188,Road Runner HoldCo LLC
cnhairtinsel,58.19.23.80,China Unicom HuBei Province Network
catherine,58.62.47.129,CHINANET Guangdong province network
tracy_mstrading,58.62.47.129,CHINANET Guangdong province network
loansexpress,59.100.21.178,AAPT Limited
webdesignoz,59.100.21.178,AAPT Limited
ClarkL,59.95.175.100,NIB (National Internet Backbone)
JamesAndy,59.95.175.100,NIB (National Internet Backbone)
rommachine,59.95.175.100,NIB (National Internet Backbone)
jwh018,62.205.171.181,Bayterg
mxcc,62.205.171.181,Bayterg
Willie,62.205.171.181,Bayterg
Areal,63.241.202.8,CERFnet
bdpurdy,63.241.202.8,CERFnet
NancySternberg,63.241.202.8,CERFnet
SteveM,63.241.202.8,CERFnet
BUILDING,64.12.116.10,"America Online, Inc."
sweetp,64.12.116.134,"America Online, Inc."
LurMkr,64.12.116.138,"America Online, Inc."
Genesis726,64.12.116.15,"America Online, Inc."
grannyann,64.12.116.15,"America Online, Inc."
Nikko128,64.12.116.201,"America Online, Inc."
AIHLA05,64.12.116.207,"America Online, Inc."
AttyAnn,64.12.116.207,"America Online, Inc."
faith,64.12.116.207,"America Online, Inc."
Jerry,64.12.116.69,"America Online, Inc."
working80,64.12.116.69,"America Online, Inc."
ovthetop,64.12.116.73,"America Online, Inc."
hectorins,64.12.117.75,"America Online, Inc."
MsConflicted,64.12.117.75,"America Online, Inc."
NativeSons,64.12.117.75,"America Online, Inc."
DrBill,64.140.204.198,WorldPath Internet Services
Aviwax,65.49.136.230,"Internet Operating Services of Arizona LLC IOSAZ-1 (NET-65-49-128-0-1) 
                                  65.49.128.0 - 65.49.255.255
Internet Operating Services Internal Use IOSAZ-INT-65-49-136 (NET-65-49-136-0-1) 
                                  65.49.136.0 - 65.49.139.255

# ARIN WHOIS database, last updated 2009-11-30 20:00
# Enter ? for additional hints on searching ARIN's WHOIS database.
"
WaxAssoc,65.49.136.230,"Internet Operating Services of Arizona LLC IOSAZ-1 (NET-65-49-128-0-1) 
                                  65.49.128.0 - 65.49.255.255
Internet Operating Services Internal Use IOSAZ-INT-65-49-136 (NET-65-49-136-0-1) 
                                  65.49.136.0 - 65.49.139.255

# ARIN WHOIS database, last updated 2009-11-30 20:00
# Enter ? for additional hints on searching ARIN's WHOIS database.
"
rayzist1,66.74.192.31,Road Runner HoldCo LLC
CardAssist,66.74.94.52,Road Runner HoldCo LLC
siotw,66.74.94.52,Road Runner HoldCo LLC
mySBX,66.82.9.54,Hughes Network Systems
NancyJ,67.105.228.220,XO Communications
gopz,67.172.82.176,"Comcast Cable Communications, Inc. COMCAST (NET-67-160-0-0-1) 
                                  67.160.0.0 - 67.191.255.255
Comcast Cable Communications, IP Services MICHIGAN-L-3 (NET-67-172-80-0-1) 
                                  67.172.80.0 - 67.172.95.255

# ARIN WHOIS database, last updated 2009-11-30 20:00
# Enter ? for additional hints on searching ARIN's WHOIS database.
"
weddings,67.176.186.44,"Comcast Cable Communications, Inc. COMCAST (NET-67-160-0-0-1) 
                                  67.160.0.0 - 67.191.255.255
Comcast Cable Communications, Inc ILLINOIS-20 (NET-67-176-128-0-1) 
                                  67.176.128.0 - 67.176.255.255

# ARIN WHOIS database, last updated 2009-11-30 20:00
# Enter ? for additional hints on searching ARIN's WHOIS database.
"
Yliana75,67.207.8.8,The University of Texas at Brownsville
locksmiths,67.83.178.56,"Optimum Online NETBLK-OOL-4BLK (NET-67-80-0-0-1) 
                                  67.80.0.0 - 67.87.255.255
Optimum Online (Cablevision Systems) OOL-CPE-HCKNNJ-67-83-176-0-20 (NET-67-83-176-0-1) 
                                  67.83.176.0 - 67.83.191.255

# ARIN WHOIS database, last updated 2009-11-30 20:00
# Enter ? for additional hints on searching ARIN's WHOIS database.
"
Ajmadison,67.85.224.240,"Optimum Online NETBLK-OOL-4BLK (NET-67-80-0-0-1) 
                                  67.80.0.0 - 67.87.255.255
Optimum Online (Cablevision Systems) OOL-CPE-JCSNNJ-67-85-224-0-20 (NET-67-85-224-0-1) 
                                  67.85.224.0 - 67.85.239.255

# ARIN WHOIS database, last updated 2009-11-30 20:00
# Enter ? for additional hints on searching ARIN's WHOIS database.
"
Rubberecycle,67.85.224.240,"Optimum Online NETBLK-OOL-4BLK (NET-67-80-0-0-1) 
                                  67.80.0.0 - 67.87.255.255
Optimum Online (Cablevision Systems) OOL-CPE-JCSNNJ-67-85-224-0-20 (NET-67-85-224-0-1) 
                                  67.85.224.0 - 67.85.239.255

# ARIN WHOIS database, last updated 2009-11-30 20:00
# Enter ? for additional hints on searching ARIN's WHOIS database.
"
Skin-Care,68.101.114.81,"Cox Communications Inc. NETBLK-OC-RDC-68-101-96-0 (NET-68-101-96-0-1) 
                                  68.101.96.0 - 68.101.127.255
Cox Communications Inc. COX-ATLANTA-2 (NET-68-96-0-0-1) 
                                  68.96.0.0 - 68.111.255.255

# ARIN WHOIS database, last updated 2009-11-30 20:00
# Enter ? for additional hints on searching ARIN's WHOIS database.
"
website,68.101.114.81,"Cox Communications Inc. NETBLK-OC-RDC-68-101-96-0 (NET-68-101-96-0-1) 
                                  68.101.96.0 - 68.101.127.255
Cox Communications Inc. COX-ATLANTA-2 (NET-68-96-0-0-1) 
                                  68.96.0.0 - 68.111.255.255

# ARIN WHOIS database, last updated 2009-11-30 20:00
# Enter ? for additional hints on searching ARIN's WHOIS database.
"
youHUGE,68.101.114.81,"Cox Communications Inc. NETBLK-OC-RDC-68-101-96-0 (NET-68-101-96-0-1) 
                                  68.101.96.0 - 68.101.127.255
Cox Communications Inc. COX-ATLANTA-2 (NET-68-96-0-0-1) 
                                  68.96.0.0 - 68.111.255.255

# ARIN WHOIS database, last updated 2009-11-30 20:00
# Enter ? for additional hints on searching ARIN's WHOIS database.
"
bobbyk09,68.110.110.223,"Cox Communications Inc. NETBLK-PH-RDC-68-110-64-0 (NET-68-110-64-0-1) 
                                  68.110.64.0 - 68.110.127.255
Cox Communications Inc. COX-ATLANTA-2 (NET-68-96-0-0-1) 
                                  68.96.0.0 - 68.111.255.255

# ARIN WHOIS database, last updated 2009-11-30 20:00
# Enter ? for additional hints on searching ARIN's WHOIS database.
"
Drgeller,68.110.110.223,"Cox Communications Inc. NETBLK-PH-RDC-68-110-64-0 (NET-68-110-64-0-1) 
                                  68.110.64.0 - 68.110.127.255
Cox Communications Inc. COX-ATLANTA-2 (NET-68-96-0-0-1) 
                                  68.96.0.0 - 68.111.255.255

# ARIN WHOIS database, last updated 2009-11-30 20:00
# Enter ? for additional hints on searching ARIN's WHOIS database.
"
resultsonly,68.110.110.223,"Cox Communications Inc. NETBLK-PH-RDC-68-110-64-0 (NET-68-110-64-0-1) 
                                  68.110.64.0 - 68.110.127.255
Cox Communications Inc. COX-ATLANTA-2 (NET-68-96-0-0-1) 
                                  68.96.0.0 - 68.111.255.255

# ARIN WHOIS database, last updated 2009-11-30 20:00
# Enter ? for additional hints on searching ARIN's WHOIS database.
"
rstan251,68.110.110.223,"Cox Communications Inc. NETBLK-PH-RDC-68-110-64-0 (NET-68-110-64-0-1) 
                                  68.110.64.0 - 68.110.127.255
Cox Communications Inc. COX-ATLANTA-2 (NET-68-96-0-0-1) 
                                  68.96.0.0 - 68.111.255.255

# ARIN WHOIS database, last updated 2009-11-30 20:00
# Enter ? for additional hints on searching ARIN's WHOIS database.
"
GinaHChicago,68.111.209.215,"Cox Communications Inc. COX-ATLANTA-2 (NET-68-96-0-0-1) 
                                  68.96.0.0 - 68.111.255.255
Cox Communications NETBLK-SD-RDC-68-111-128-0 (NET-68-111-128-0-1) 
                                  68.111.128.0 - 68.111.255.255

# ARIN WHOIS database, last updated 2009-11-30 20:00
# Enter ? for additional hints on searching ARIN's WHOIS database.
"
HannaFer,68.145.58.27,Shaw Communications Inc.
RobertSim,68.145.58.27,Shaw Communications Inc.
jtilley,68.148.136.83,Shaw Communications Inc.
mmiller,68.148.136.83,Shaw Communications Inc.
breynolds,68.230.126.166,"Cox Communications Inc. NETBLK-COX-ATLANTA-7 (NET-68-224-0-0-1) 
                                  68.224.0.0 - 68.231.255.255
Cox Communications NETBLK-PH-RDC-68-230-0-0 (NET-68-230-0-0-1) 
                                  68.230.0.0 - 68.230.127.255

# ARIN WHOIS database, last updated 2009-11-30 20:00
# Enter ? for additional hints on searching ARIN's WHOIS database.
"
monkeyjoes,68.230.126.166,"Cox Communications Inc. NETBLK-COX-ATLANTA-7 (NET-68-224-0-0-1) 
                                  68.224.0.0 - 68.231.255.255
Cox Communications NETBLK-PH-RDC-68-230-0-0 (NET-68-230-0-0-1) 
                                  68.230.0.0 - 68.230.127.255

# ARIN WHOIS database, last updated 2009-11-30 20:00
# Enter ? for additional hints on searching ARIN's WHOIS database.
"
travelins,68.230.126.166,"Cox Communications Inc. NETBLK-COX-ATLANTA-7 (NET-68-224-0-0-1) 
                                  68.224.0.0 - 68.231.255.255
Cox Communications NETBLK-PH-RDC-68-230-0-0 (NET-68-230-0-0-1) 
                                  68.230.0.0 - 68.230.127.255

# ARIN WHOIS database, last updated 2009-11-30 20:00
# Enter ? for additional hints on searching ARIN's WHOIS database.
"
walter1960,69.132.20.168,Road Runner HoldCo LLC
colly,69.241.82.132,"Comcast Cable Communications, Inc. JUMPSTART-4 (NET-69-240-0-0-1) 
                                  69.240.0.0 - 69.255.255.255
Comcast Cable Communications, Inc. COMAST-19 (NET-69-241-64-0-1) 
                                  69.241.64.0 - 69.241.127.255

# ARIN WHOIS database, last updated 2009-11-30 20:00
# Enter ? for additional hints on searching ARIN's WHOIS database.
"
GMPLLC,69.255.16.223,"Comcast Cable Communications, Inc. JUMPSTART-4 (NET-69-240-0-0-1) 
                                  69.240.0.0 - 69.255.255.255
Comcast Cable Communications, Inc. DC-24 (NET-69-255-0-0-1) 
                                  69.255.0.0 - 69.255.255.255

# ARIN WHOIS database, last updated 2009-11-30 20:00
# Enter ? for additional hints on searching ARIN's WHOIS database.
"
tobyone,69.255.16.223,"Comcast Cable Communications, Inc. JUMPSTART-4 (NET-69-240-0-0-1) 
                                  69.240.0.0 - 69.255.255.255
Comcast Cable Communications, Inc. DC-24 (NET-69-255-0-0-1) 
                                  69.255.0.0 - 69.255.255.255

# ARIN WHOIS database, last updated 2009-11-30 20:00
# Enter ? for additional hints on searching ARIN's WHOIS database.
"
CFN,70.171.110.76,"Cox Communications Inc. NETBLK-COX-ATLANTA-10 (NET-70-160-0-0-1) 
                                  70.160.0.0 - 70.191.255.255
Cox Communications NETBLK-NO-RDC-70-171-64-0 (NET-70-171-64-0-1) 
                                  70.171.64.0 - 70.171.127.255

# ARIN WHOIS database, last updated 2009-11-30 20:00
# Enter ? for additional hints on searching ARIN's WHOIS database.
"
JumboLoan,70.171.110.76,"Cox Communications Inc. NETBLK-COX-ATLANTA-10 (NET-70-160-0-0-1) 
                                  70.160.0.0 - 70.191.255.255
Cox Communications NETBLK-NO-RDC-70-171-64-0 (NET-70-171-64-0-1) 
                                  70.171.64.0 - 70.171.127.255

# ARIN WHOIS database, last updated 2009-11-30 20:00
# Enter ? for additional hints on searching ARIN's WHOIS database.
"
NewOrleans,70.171.125.129,"Cox Communications Inc. NETBLK-COX-ATLANTA-10 (NET-70-160-0-0-1) 
                                  70.160.0.0 - 70.191.255.255
Cox Communications NETBLK-NO-RDC-70-171-64-0 (NET-70-171-64-0-1) 
                                  70.171.64.0 - 70.171.127.255

# ARIN WHOIS database, last updated 2009-11-30 20:00
# Enter ? for additional hints on searching ARIN's WHOIS database.
"
PalmBeach,70.171.125.129,"Cox Communications Inc. NETBLK-COX-ATLANTA-10 (NET-70-160-0-0-1) 
                                  70.160.0.0 - 70.191.255.255
Cox Communications NETBLK-NO-RDC-70-171-64-0 (NET-70-171-64-0-1) 
                                  70.171.64.0 - 70.171.127.255

# ARIN WHOIS database, last updated 2009-11-30 20:00
# Enter ? for additional hints on searching ARIN's WHOIS database.
"
Riprock,70.171.125.129,"Cox Communications Inc. NETBLK-COX-ATLANTA-10 (NET-70-160-0-0-1) 
                                  70.160.0.0 - 70.191.255.255
Cox Communications NETBLK-NO-RDC-70-171-64-0 (NET-70-171-64-0-1) 
                                  70.171.64.0 - 70.171.127.255

# ARIN WHOIS database, last updated 2009-11-30 20:00
# Enter ? for additional hints on searching ARIN's WHOIS database.
"
Chris Hooley,70.171.227.161,"Cox Communications Inc. NETBLK-COX-ATLANTA-10 (NET-70-160-0-0-1) 
                                  70.160.0.0 - 70.191.255.255
Cox Communications NETBLK-PH-RDC-70-171-192-0 (NET-70-171-192-0-1) 
                                  70.171.192.0 - 70.171.255.255

# ARIN WHOIS database, last updated 2009-11-30 20:00
# Enter ? for additional hints on searching ARIN's WHOIS database.
"
Scottsdale Guy,70.171.227.161,"Cox Communications Inc. NETBLK-COX-ATLANTA-10 (NET-70-160-0-0-1) 
                                  70.160.0.0 - 70.191.255.255
Cox Communications NETBLK-PH-RDC-70-171-192-0 (NET-70-171-192-0-1) 
                                  70.171.192.0 - 70.171.255.255

# ARIN WHOIS database, last updated 2009-11-30 20:00
# Enter ? for additional hints on searching ARIN's WHOIS database.
"
notun,70.240.91.239,"AT&T Internet Services SBCIS-SIS80 (NET-70-240-0-0-1) 
                                  70.240.0.0 - 70.255.255.255
PPPoX Pool - Rback19 HSTNTX3 SBC07024008000020040505103108 (NET-70-240-80-0-1) 
                                  70.240.80.0 - 70.240.95.255

# ARIN WHOIS database, last updated 2009-11-30 20:00
# Enter ? for additional hints on searching ARIN's WHOIS database.
"
tms12,70.240.91.239,"AT&T Internet Services SBCIS-SIS80 (NET-70-240-0-0-1) 
                                  70.240.0.0 - 70.255.255.255
PPPoX Pool - Rback19 HSTNTX3 SBC07024008000020040505103108 (NET-70-240-80-0-1) 
                                  70.240.80.0 - 70.240.95.255

# ARIN WHOIS database, last updated 2009-11-30 20:00
# Enter ? for additional hints on searching ARIN's WHOIS database.
"
942T,71.135.55.31,"AT&T Internet Services SBCIS-SIS80 (NET-71-128-0-0-1) 
                                  71.128.0.0 - 71.159.255.255
PPPoX Pool - bras19a.pltnca SBCIS-111705083515 (NET-71-135-48-0-1) 
                                  71.135.48.0 - 71.135.63.255

# ARIN WHOIS database, last updated 2009-11-30 20:00
# Enter ? for additional hints on searching ARIN's WHOIS database.
"
JoeGamer,71.172.56.232,Verizon Internet Services Inc.
PainterJones,71.172.56.232,Verizon Internet Services Inc.
lauramills,71.174.169.141,Verizon Internet Services Inc.
LouFogel,71.174.169.141,Verizon Internet Services Inc.
redruss,71.174.169.141,Verizon Internet Services Inc.
SeoDave,71.174.169.141,Verizon Internet Services Inc.
collegedating,71.20.169.138,Clearwire US LLC
gold,71.20.169.138,Clearwire US LLC
Hydroponics,71.20.169.138,Clearwire US LLC
AutoVitals,72.194.219.67,"Cox Communications Inc. NETBLK-COX-ATLANTA-11 (NET-72-192-0-0-1) 
                                  72.192.0.0 - 72.223.255.255
Cox Communications NETBLK-SD-RDC-72-194-208-0 (NET-72-194-208-0-1) 
                                  72.194.208.0 - 72.194.223.255

# ARIN WHOIS database, last updated 2009-11-30 20:00
# Enter ? for additional hints on searching ARIN's WHOIS database.
"
larrysautoworks,72.194.219.67,"Cox Communications Inc. NETBLK-COX-ATLANTA-11 (NET-72-192-0-0-1) 
                                  72.192.0.0 - 72.223.255.255
Cox Communications NETBLK-SD-RDC-72-194-208-0 (NET-72-194-208-0-1) 
                                  72.194.208.0 - 72.194.223.255

# ARIN WHOIS database, last updated 2009-11-30 20:00
# Enter ? for additional hints on searching ARIN's WHOIS database.
"
addisonpsf,72.201.71.6,"Cox Communications Inc. NETBLK-COX-ATLANTA-11 (NET-72-192-0-0-1) 
                                  72.192.0.0 - 72.223.255.255
Cox Communications NETBLK-PH-RDC-72-201-0-0 (NET-72-201-0-0-1) 
                                  72.201.0.0 - 72.201.255.255

# ARIN WHOIS database, last updated 2009-11-30 20:00
# Enter ? for additional hints on searching ARIN's WHOIS database.
"
luckycharmz336,72.201.71.6,"Cox Communications Inc. NETBLK-COX-ATLANTA-11 (NET-72-192-0-0-1) 
                                  72.192.0.0 - 72.223.255.255
Cox Communications NETBLK-PH-RDC-72-201-0-0 (NET-72-201-0-0-1) 
                                  72.201.0.0 - 72.201.255.255

# ARIN WHOIS database, last updated 2009-11-30 20:00
# Enter ? for additional hints on searching ARIN's WHOIS database.
"
tradedisplay,72.201.71.6,"Cox Communications Inc. NETBLK-COX-ATLANTA-11 (NET-72-192-0-0-1) 
                                  72.192.0.0 - 72.223.255.255
Cox Communications NETBLK-PH-RDC-72-201-0-0 (NET-72-201-0-0-1) 
                                  72.201.0.0 - 72.201.255.255

# ARIN WHOIS database, last updated 2009-11-30 20:00
# Enter ? for additional hints on searching ARIN's WHOIS database.
"
IYF,72.88.212.218,"Verizon Internet Services Inc. VIS-72-64 (NET-72-87-64-0-1) 
                                  72.87.64.0 - 72.92.127.255
FIND LOCKSMITH FTTP (NET-72-88-212-216-1) 
                                  72.88.212.216 - 72.88.212.223

# ARIN WHOIS database, last updated 2009-11-30 20:00
# Enter ? for additional hints on searching ARIN's WHOIS database.
"
mrchris30,72.88.212.218,"Verizon Internet Services Inc. VIS-72-64 (NET-72-87-64-0-1) 
                                  72.87.64.0 - 72.92.127.255
FIND LOCKSMITH FTTP (NET-72-88-212-216-1) 
                                  72.88.212.216 - 72.88.212.223

# ARIN WHOIS database, last updated 2009-11-30 20:00
# Enter ? for additional hints on searching ARIN's WHOIS database.
"
PembrokePines,74.215.236.199,Fuse Internet Access
sfattorney1,74.215.236.199,Fuse Internet Access
bsarratt,74.219.153.226,Road Runner HoldCo LLC
gmoney,74.219.153.226,Road Runner HoldCo LLC
aaadvinx,75.151.40.110,"Comcast Business Communications, Inc. CBC-CM-5 (NET-75-144-0-0-1) 
                                  75.144.0.0 - 75.151.255.255
Comcast Business Communications, Inc. CBC-NAPLES-13 (NET-75-151-32-0-1) 
                                  75.151.32.0 - 75.151.47.255

# ARIN WHOIS database, last updated 2009-11-30 20:00
# Enter ? for additional hints on searching ARIN's WHOIS database.
"
janglebeezz,75.151.40.110,"Comcast Business Communications, Inc. CBC-CM-5 (NET-75-144-0-0-1) 
                                  75.144.0.0 - 75.151.255.255
Comcast Business Communications, Inc. CBC-NAPLES-13 (NET-75-151-32-0-1) 
                                  75.151.32.0 - 75.151.47.255

# ARIN WHOIS database, last updated 2009-11-30 20:00
# Enter ? for additional hints on searching ARIN's WHOIS database.
"
mazpantz,75.151.40.110,"Comcast Business Communications, Inc. CBC-CM-5 (NET-75-144-0-0-1) 
                                  75.144.0.0 - 75.151.255.255
Comcast Business Communications, Inc. CBC-NAPLES-13 (NET-75-151-32-0-1) 
                                  75.151.32.0 - 75.151.47.255

# ARIN WHOIS database, last updated 2009-11-30 20:00
# Enter ? for additional hints on searching ARIN's WHOIS database.
"
carloan,75.80.118.133,Road Runner HoldCo LLC
northwestinsura,75.80.118.133,Road Runner HoldCo LLC
mbd495,76.97.237.222,"Comcast Cable Communications, Inc. JUMPSTART-5 (NET-76-96-0-0-1) 
                                  76.96.0.0 - 76.127.255.255
Comcast Cable Communications, Inc. ATLANTA-CPE-15 (NET-76-97-0-0-1) 
                                  76.97.0.0 - 76.97.255.255

# ARIN WHOIS database, last updated 2009-11-30 20:00
# Enter ? for additional hints on searching ARIN's WHOIS database.
"
ni9404,76.97.237.222,"Comcast Cable Communications, Inc. JUMPSTART-5 (NET-76-96-0-0-1) 
                                  76.96.0.0 - 76.127.255.255
Comcast Cable Communications, Inc. ATLANTA-CPE-15 (NET-76-97-0-0-1) 
                                  76.97.0.0 - 76.97.255.255

# ARIN WHOIS database, last updated 2009-11-30 20:00
# Enter ? for additional hints on searching ARIN's WHOIS database.
"
seoace,76.97.237.222,"Comcast Cable Communications, Inc. JUMPSTART-5 (NET-76-96-0-0-1) 
                                  76.96.0.0 - 76.127.255.255
Comcast Cable Communications, Inc. ATLANTA-CPE-15 (NET-76-97-0-0-1) 
                                  76.97.0.0 - 76.97.255.255

# ARIN WHOIS database, last updated 2009-11-30 20:00
# Enter ? for additional hints on searching ARIN's WHOIS database.
"
paxuh,80.212.80.179,Telenor Business Solution AS
HamperGuy,81.104.133.209,NTL Infrastructure - Renfrew
Kilts4Less,81.104.133.209,NTL Infrastructure - Renfrew
Declan,83.147.178.151,Digiweb CMTS Network
mickh,83.147.178.151,Digiweb CMTS Network
maxwell_don,93.74.19.219,Volia Subnet
annabellagirl,94.169.107.59,BROADBAND AZTEC WEST
Solar_Geek,94.169.107.59,BROADBAND AZTEC WEST
DesignerJeans,94.169.172.80,BROADBAND CROYDON
Zrix5000,94.169.172.80,BROADBAND CROYDON
Questions,94.194.200.93,London Business Static
studylance,94.194.200.93,London Business Static
BAD32,96.255.106.196,Verizon Internet Services Inc.
JenniferD,96.255.106.196,Verizon Internet Services Inc.
footballjerseys,96.30.14.88,Cogswell Enterprises Inc.
jenhav,98.109.117.130,Verizon Internet Services Inc.
michaelpillsb,98.109.117.130,Verizon Internet Services Inc.
mmelen,98.109.117.130,Verizon Internet Services Inc.
shauna,98.175.175.180,"Cox Communications Inc. CXA (NET-98-160-0-0-1) 
                                  98.160.0.0 - 98.191.255.255
Cox Communications NETBLK-OK-CBS-98-175-168-0 (NET-98-175-168-0-1) 
                                  98.175.168.0 - 98.175.175.255

# ARIN WHOIS database, last updated 2009-11-30 20:00
# Enter ? for additional hints on searching ARIN's WHOIS database.
"
eeoms,98.192.123.80,"Comcast Cable Communications, Inc. JUMPSTART-5 (NET-98-192-0-0-1) 
                                  98.192.0.0 - 98.255.255.255
Comcast Cable Communications, Inc. ATLANTA-CPE-18 (NET-98-192-0-0-2) 
                                  98.192.0.0 - 98.192.127.255

# ARIN WHOIS database, last updated 2009-11-30 20:00
# Enter ? for additional hints on searching ARIN's WHOIS database.
"
bigmark1972,98.209.136.89,"Comcast Cable Communications, Inc. JUMPSTART-5 (NET-98-192-0-0-1) 
                                  98.192.0.0 - 98.255.255.255
Comcast Cable Communications, Inc. MICHIGAN-36 (NET-98-209-0-0-1) 
                                  98.209.0.0 - 98.209.255.255

# ARIN WHOIS database, last updated 2009-11-30 20:00
# Enter ? for additional hints on searching ARIN's WHOIS database.
"
bigmark1973,98.209.136.89,"Comcast Cable Communications, Inc. JUMPSTART-5 (NET-98-192-0-0-1) 
                                  98.192.0.0 - 98.255.255.255
Comcast Cable Communications, Inc. MICHIGAN-36 (NET-98-209-0-0-1) 
                                  98.209.0.0 - 98.209.255.255

# ARIN WHOIS database, last updated 2009-11-30 20:00
# Enter ? for additional hints on searching ARIN's WHOIS database.
"
demejoe,98.212.129.226,"Comcast Cable Communications, Inc. JUMPSTART-5 (NET-98-192-0-0-1) 
                                  98.192.0.0 - 98.255.255.255
Comcast Cable Communications, Inc. ILLINOIS-34 (NET-98-212-0-0-1) 
                                  98.212.0.0 - 98.215.255.255

# ARIN WHOIS database, last updated 2009-11-30 20:00
# Enter ? for additional hints on searching ARIN's WHOIS database.
"
Insite,98.247.170.31,"Comcast Cable Communications, Inc. JUMPSTART-5 (NET-98-192-0-0-1) 
                                  98.192.0.0 - 98.255.255.255
Comcast Cable Communications, Inc. WASHINGTON-24 (NET-98-247-0-0-1) 
                                  98.247.0.0 - 98.247.255.255

# ARIN WHOIS database, last updated 2009-11-30 20:00
# Enter ? for additional hints on searching ARIN's WHOIS database.
"
greatinvestor,117.102.95.112,Metronet
mamatrohimat,117.102.95.112,Metronet
Bankruptcy,117.103.169.163,"Pika Media Komunika, PT."
Locksmithservic,117.103.169.163,"Pika Media Komunika, PT."
DROSSJACKSON,12.149.148.7,"AT&T WorldNet Services ATT (NET-12-0-0-0-1) 
                                  12.0.0.0 - 12.255.255.255
FIREMANS FUND INSURANCE COMPANY FIREMANS74-148-0 (NET-12-149-148-0-1) 
                                  12.149.148.0 - 12.149.148.127

# ARIN WHOIS database, last updated 2009-11-30 20:00
# Enter ? for additional hints on searching ARIN's WHOIS database.
"
jacksonrossd,12.149.148.7,"AT&T WorldNet Services ATT (NET-12-0-0-0-1) 
                                  12.0.0.0 - 12.255.255.255
FIREMANS FUND INSURANCE COMPANY FIREMANS74-148-0 (NET-12-149-148-0-1) 
                                  12.149.148.0 - 12.149.148.127

# ARIN WHOIS database, last updated 2009-11-30 20:00
# Enter ? for additional hints on searching ARIN's WHOIS database.
"
kbecht,12.156.194.3,"AT&T WorldNet Services ATT (NET-12-0-0-0-1) 
                                  12.0.0.0 - 12.255.255.255
DOC-INTERNATIONAL TRADE ADMIN DOC-INTE54-194 (NET-12-156-194-0-1) 
                                  12.156.194.0 - 12.156.194.255

# ARIN WHOIS database, last updated 2009-11-30 20:00
# Enter ? for additional hints on searching ARIN's WHOIS database.
"
Michael_Cortese,12.156.194.3,"AT&T WorldNet Services ATT (NET-12-0-0-0-1) 
                                  12.0.0.0 - 12.255.255.255
DOC-INTERNATIONAL TRADE ADMIN DOC-INTE54-194 (NET-12-156-194-0-1) 
                                  12.156.194.0 - 12.156.194.255

# ARIN WHOIS database, last updated 2009-11-30 20:00
# Enter ? for additional hints on searching ARIN's WHOIS database.
"
JoeLoong,12.198.98.51,"AT&T WorldNet Services ATT (NET-12-0-0-0-1) 
                                  12.0.0.0 - 12.255.255.255
MCGRAW BLUE CANOPY MCGRAW-B13-98-48 (NET-12-198-98-48-1) 
                                  12.198.98.48 - 12.198.98.63

# ARIN WHOIS database, last updated 2009-11-30 20:00
# Enter ? for additional hints on searching ARIN's WHOIS database.
"
genemercene,120.28.144.98,GBB MAKATI
mariz,120.28.144.98,GBB MAKATI
jana,121.97.74.130,Bayan Broadband - ATC_SL_Technological_College_Foundation
Maxine0124,121.97.74.130,Bayan Broadband - ATC_SL_Technological_College_Foundation
bharath_msrit01,125.16.204.5,Satyam Computers
TryUsOut,125.60.172.182,Smart Broadband Incorporated
fparker,137.14.10.22,754th Electronic Systems Group
gfoulks,137.14.10.22,754th Electronic Systems Group
beantownbanker,141.158.20.2,Verizon Internet Services Inc.
kenia19,141.158.20.2,Verizon Internet Services Inc.
marianajuglea,141.158.20.2,Verizon Internet Services Inc.
back40t,152.216.11.5,Internal Revenue Service
Innovative1,152.216.11.5,Internal Revenue Service
jla,152.216.11.5,Internal Revenue Service
kharper,152.216.11.5,Internal Revenue Service
veronica-tubman,152.216.11.5,Internal Revenue Service
lorita,153.2.246.34,UNITED PARCEL SERVICE
CW2,163.252.74.53,Systems Research and Applications Corp.
GoCTSi,163.252.74.87,Systems Research and Applications Corp.
rosebud,163.252.74.87,Systems Research and Applications Corp.
Simonk,163.252.74.87,Systems Research and Applications Corp.
GO-872,167.219.88.140,Deloitte & Touche
etaylorgroup,168.12.253.66,"Georgia Public Library Service GPLSNET (NET-168-12-0-0-1) 
                                  168.12.0.0 - 168.13.255.255
Board of Regents of the University System of Georgia NETBLK-PEACHNETB-BLK1 (NET-168-8-0-0-1) 
                                  168.8.0.0 - 168.15.255.255

# ARIN WHOIS database, last updated 2009-11-30 20:00
# Enter ? for additional hints on searching ARIN's WHOIS database.
"
insergon,168.12.253.66,"Georgia Public Library Service GPLSNET (NET-168-12-0-0-1) 
                                  168.12.0.0 - 168.13.255.255
Board of Regents of the University System of Georgia NETBLK-PEACHNETB-BLK1 (NET-168-8-0-0-1) 
                                  168.8.0.0 - 168.15.255.255

# ARIN WHOIS database, last updated 2009-11-30 20:00
# Enter ? for additional hints on searching ARIN's WHOIS database.
"
leticia,168.12.253.66,"Georgia Public Library Service GPLSNET (NET-168-12-0-0-1) 
                                  168.12.0.0 - 168.13.255.255
Board of Regents of the University System of Georgia NETBLK-PEACHNETB-BLK1 (NET-168-8-0-0-1) 
                                  168.8.0.0 - 168.15.255.255

# ARIN WHOIS database, last updated 2009-11-30 20:00
# Enter ? for additional hints on searching ARIN's WHOIS database.
"
childerin,173.10.235.205,"Comcast Business Communications, Inc. CBC-FRESNO-11 (NET-173-10-232-0-1) 
                                  173.10.232.0 - 173.10.235.255
Comcast Business Communications, Inc. CBC-CM-4 (NET-173-8-0-0-1) 
                                  173.8.0.0 - 173.15.255.255

# ARIN WHOIS database, last updated 2009-11-30 20:00
# Enter ? for additional hints on searching ARIN's WHOIS database.
"
dale_b32,173.10.235.205,"Comcast Business Communications, Inc. CBC-FRESNO-11 (NET-173-10-232-0-1) 
                                  173.10.232.0 - 173.10.235.255
Comcast Business Communications, Inc. CBC-CM-4 (NET-173-8-0-0-1) 
                                  173.8.0.0 - 173.15.255.255

# ARIN WHOIS database, last updated 2009-11-30 20:00
# Enter ? for additional hints on searching ARIN's WHOIS database.
"
fordcarole82,173.10.235.205,"Comcast Business Communications, Inc. CBC-FRESNO-11 (NET-173-10-232-0-1) 
                                  173.10.232.0 - 173.10.235.255
Comcast Business Communications, Inc. CBC-CM-4 (NET-173-8-0-0-1) 
                                  173.8.0.0 - 173.15.255.255

# ARIN WHOIS database, last updated 2009-11-30 20:00
# Enter ? for additional hints on searching ARIN's WHOIS database.
"
shegeriancarney,173.10.235.205,"Comcast Business Communications, Inc. CBC-FRESNO-11 (NET-173-10-232-0-1) 
                                  173.10.232.0 - 173.10.235.255
Comcast Business Communications, Inc. CBC-CM-4 (NET-173-8-0-0-1) 
                                  173.8.0.0 - 173.15.255.255

# ARIN WHOIS database, last updated 2009-11-30 20:00
# Enter ? for additional hints on searching ARIN's WHOIS database.
"
harrietw,173.23.91.130,Mediacom Communications Corp
hwalker,173.23.91.130,Mediacom Communications Corp
joebollinger,174.133.179.202,"ThePlanet.com Internet Services, Inc."
joecarter,174.133.179.202,"ThePlanet.com Internet Services, Inc."
jillphillips,174.133.9.144,"ThePlanet.com Internet Services, Inc."
khuffman,174.156.30.210,Sprint PCS
KurtHuffman,174.156.30.210,Sprint PCS
CharliK,198.185.18.207,LEXIS-NEXIS
replicaprada,203.210.196.177,Vietnam Telecom National
seliecreative,203.210.196.177,Vietnam Telecom National
linkedge,203.219.60.188,TPG Internet Pty Ltd.
seomarketig,203.219.60.188,TPG Internet Pty Ltd.
ThomasHolub86,203.87.204.238,Smart Broadband Incorporated
apruitt,204.229.220.1,"WestNet, Inc. WESTNET-W4 (NET-204-228-0-0-1) 
                                  204.228.0.0 - 204.229.255.255
Arizona Tri-University Network (ASU, UA, NAU) WEST-204-229-192-ARIZ (NET-204-229-192-0-1) 
                                  204.229.192.0 - 204.229.255.255
Arizona Western College AWC-EDU (NET-204-229-219-0-1) 
                                  204.229.219.0 - 204.229.223.255

# ARIN WHOIS database, last updated 2009-11-30 20:00
# Enter ? for additional hints on searching ARIN's WHOIS database.
"
ADMVending,205.188.116.10,"America Online, Inc"
ALL-HR,205.188.116.10,"America Online, Inc"
allensnaturally,205.188.116.10,"America Online, Inc"
armaaninc,205.188.116.10,"America Online, Inc"
clcathy,205.188.116.10,"America Online, Inc"
coates00,205.188.116.10,"America Online, Inc"
creations,205.188.116.10,"America Online, Inc"
Darold,205.188.116.10,"America Online, Inc"
fdlattery,205.188.116.10,"America Online, Inc"
floorman,205.188.116.10,"America Online, Inc"
JayBusiness2,205.188.116.10,"America Online, Inc"
jennjenn73,205.188.116.10,"America Online, Inc"
jfluker,205.188.116.10,"America Online, Inc"
JMCFoods,205.188.116.10,"America Online, Inc"
joluinc1,205.188.116.10,"America Online, Inc"
kolusu5024,205.188.116.10,"America Online, Inc"
LadyCarbo,205.188.116.10,"America Online, Inc"
locumsfirm,205.188.116.10,"America Online, Inc"
MECCORP,205.188.116.10,"America Online, Inc"
medtransport,205.188.116.10,"America Online, Inc"
mel,205.188.116.10,"America Online, Inc"
MELINDAIDAKA,205.188.116.10,"America Online, Inc"
mikeathpc,205.188.116.10,"America Online, Inc"
Nicholas,205.188.116.10,"America Online, Inc"
Nimya,205.188.116.10,"America Online, Inc"
optimumtheaters,205.188.116.10,"America Online, Inc"
parspec,205.188.116.10,"America Online, Inc"
Rofe,205.188.116.10,"America Online, Inc"
rriley1013,205.188.116.10,"America Online, Inc"
TIPTOPFABRICS,205.188.116.10,"America Online, Inc"
twotwocute,205.188.116.10,"America Online, Inc"
VANDSTRUCKING,205.188.116.10,"America Online, Inc"
eladyj,205.188.116.139,"America Online, Inc"
Medexinc,205.188.116.139,"America Online, Inc"
universnetcom,205.188.116.145,"America Online, Inc"
Barry,205.188.116.15,"America Online, Inc"
Biochemist,205.188.116.15,"America Online, Inc"
compstkingsrus,205.188.116.15,"America Online, Inc"
Confused,205.188.116.15,"America Online, Inc"
Designer1,205.188.116.15,"America Online, Inc"
Ellison,205.188.116.15,"America Online, Inc"
GMilinovich,205.188.116.15,"America Online, Inc"
jwright282,205.188.116.15,"America Online, Inc"
pmonfardini,205.188.116.15,"America Online, Inc"
wcijohn,205.188.116.15,"America Online, Inc"
KnitNKneedle,205.188.116.16,"America Online, Inc"
Rakestraw89,205.188.116.16,"America Online, Inc"
Evern,205.188.116.198,"America Online, Inc"
ksullivan,205.188.116.198,"America Online, Inc"
theorganizer,205.188.116.198,"America Online, Inc"
KenrinTX,205.188.116.20,"America Online, Inc"
favorable,205.188.116.201,"America Online, Inc"
PETTIESCT,205.188.116.201,"America Online, Inc"
reliable,205.188.116.201,"America Online, Inc"
jcarlson722,205.188.116.207,"America Online, Inc"
watersedg1,205.188.116.207,"America Online, Inc"
asalimi,205.188.116.67,"America Online, Inc"
stanpoll,205.188.116.7,"America Online, Inc"
vistelle,205.188.116.7,"America Online, Inc"
Alatn,205.188.116.77,"America Online, Inc"
georgesash,205.188.116.77,"America Online, Inc"
petparkave,205.188.116.77,"America Online, Inc"
ACIdredging,205.188.116.8,"America Online, Inc"
Dcreek,205.188.116.8,"America Online, Inc"
halthouse1,205.188.116.8,"America Online, Inc"
hdstrading,205.188.116.8,"America Online, Inc"
inov82007,205.188.116.8,"America Online, Inc"
jimmyg4781,205.188.116.8,"America Online, Inc"
legalbrothers,205.188.116.8,"America Online, Inc"
msievers,205.188.116.8,"America Online, Inc"
myoung,205.188.116.8,"America Online, Inc"
PESloss0973,205.188.116.8,"America Online, Inc"
rosegojda,205.188.116.8,"America Online, Inc"
Limoman,205.188.117.6,"America Online, Inc"
pauly,205.188.117.6,"America Online, Inc"
T4lhurst,205.188.117.6,"America Online, Inc"
cynthiac2,205.188.117.67,"America Online, Inc"
Helmsman,205.188.117.67,"America Online, Inc"
KIAS,205.188.117.72,"America Online, Inc"
Browne1,205.188.117.74,"America Online, Inc"
Richbacon,205.188.117.74,"America Online, Inc"
Chincoteague,205.188.117.78,"America Online, Inc"
nascardog,205.188.117.78,"America Online, Inc"
AllenM,206.112.184.252,"MCI Communications Services, Inc. d/b/a Verizon Business NETBLK-UUNETCBLK-112 (NET-206-112-0-0-1) 
                                  206.112.0.0 - 206.115.255.255
New World Apps UU-206-112-184-192 (NET-206-112-184-192-1) 
                                  206.112.184.192 - 206.112.184.255

# ARIN WHOIS database, last updated 2009-11-30 20:00
# Enter ? for additional hints on searching ARIN's WHOIS database.
"
Angelar07,206.112.184.252,"MCI Communications Services, Inc. d/b/a Verizon Business NETBLK-UUNETCBLK-112 (NET-206-112-0-0-1) 
                                  206.112.0.0 - 206.115.255.255
New World Apps UU-206-112-184-192 (NET-206-112-184-192-1) 
                                  206.112.184.192 - 206.112.184.255

# ARIN WHOIS database, last updated 2009-11-30 20:00
# Enter ? for additional hints on searching ARIN's WHOIS database.
"
bdazzle07,206.112.184.252,"MCI Communications Services, Inc. d/b/a Verizon Business NETBLK-UUNETCBLK-112 (NET-206-112-0-0-1) 
                                  206.112.0.0 - 206.115.255.255
New World Apps UU-206-112-184-192 (NET-206-112-184-192-1) 
                                  206.112.184.192 - 206.112.184.255

# ARIN WHOIS database, last updated 2009-11-30 20:00
# Enter ? for additional hints on searching ARIN's WHOIS database.
"
bdrake22,206.112.184.252,"MCI Communications Services, Inc. d/b/a Verizon Business NETBLK-UUNETCBLK-112 (NET-206-112-0-0-1) 
                                  206.112.0.0 - 206.115.255.255
New World Apps UU-206-112-184-192 (NET-206-112-184-192-1) 
                                  206.112.184.192 - 206.112.184.255

# ARIN WHOIS database, last updated 2009-11-30 20:00
# Enter ? for additional hints on searching ARIN's WHOIS database.
"
blrobin,206.112.184.252,"MCI Communications Services, Inc. d/b/a Verizon Business NETBLK-UUNETCBLK-112 (NET-206-112-0-0-1) 
                                  206.112.0.0 - 206.115.255.255
New World Apps UU-206-112-184-192 (NET-206-112-184-192-1) 
                                  206.112.184.192 - 206.112.184.255

# ARIN WHOIS database, last updated 2009-11-30 20:00
# Enter ? for additional hints on searching ARIN's WHOIS database.
"
CleanEnergyGen,206.112.184.252,"MCI Communications Services, Inc. d/b/a Verizon Business NETBLK-UUNETCBLK-112 (NET-206-112-0-0-1) 
                                  206.112.0.0 - 206.115.255.255
New World Apps UU-206-112-184-192 (NET-206-112-184-192-1) 
                                  206.112.184.192 - 206.112.184.255

# ARIN WHOIS database, last updated 2009-11-30 20:00
# Enter ? for additional hints on searching ARIN's WHOIS database.
"
david8,206.112.184.252,"MCI Communications Services, Inc. d/b/a Verizon Business NETBLK-UUNETCBLK-112 (NET-206-112-0-0-1) 
                                  206.112.0.0 - 206.115.255.255
New World Apps UU-206-112-184-192 (NET-206-112-184-192-1) 
                                  206.112.184.192 - 206.112.184.255

# ARIN WHOIS database, last updated 2009-11-30 20:00
# Enter ? for additional hints on searching ARIN's WHOIS database.
"
Faulk,206.112.184.252,"MCI Communications Services, Inc. d/b/a Verizon Business NETBLK-UUNETCBLK-112 (NET-206-112-0-0-1) 
                                  206.112.0.0 - 206.115.255.255
New World Apps UU-206-112-184-192 (NET-206-112-184-192-1) 
                                  206.112.184.192 - 206.112.184.255

# ARIN WHOIS database, last updated 2009-11-30 20:00
# Enter ? for additional hints on searching ARIN's WHOIS database.
"
faye,206.112.184.252,"MCI Communications Services, Inc. d/b/a Verizon Business NETBLK-UUNETCBLK-112 (NET-206-112-0-0-1) 
                                  206.112.0.0 - 206.115.255.255
New World Apps UU-206-112-184-192 (NET-206-112-184-192-1) 
                                  206.112.184.192 - 206.112.184.255

# ARIN WHOIS database, last updated 2009-11-30 20:00
# Enter ? for additional hints on searching ARIN's WHOIS database.
"
gregwisdom,206.112.184.252,"MCI Communications Services, Inc. d/b/a Verizon Business NETBLK-UUNETCBLK-112 (NET-206-112-0-0-1) 
                                  206.112.0.0 - 206.115.255.255
New World Apps UU-206-112-184-192 (NET-206-112-184-192-1) 
                                  206.112.184.192 - 206.112.184.255

# ARIN WHOIS database, last updated 2009-11-30 20:00
# Enter ? for additional hints on searching ARIN's WHOIS database.
"
HolisticHealing,206.112.184.252,"MCI Communications Services, Inc. d/b/a Verizon Business NETBLK-UUNETCBLK-112 (NET-206-112-0-0-1) 
                                  206.112.0.0 - 206.115.255.255
New World Apps UU-206-112-184-192 (NET-206-112-184-192-1) 
                                  206.112.184.192 - 206.112.184.255

# ARIN WHOIS database, last updated 2009-11-30 20:00
# Enter ? for additional hints on searching ARIN's WHOIS database.
"
ma2061,206.112.184.252,"MCI Communications Services, Inc. d/b/a Verizon Business NETBLK-UUNETCBLK-112 (NET-206-112-0-0-1) 
                                  206.112.0.0 - 206.115.255.255
New World Apps UU-206-112-184-192 (NET-206-112-184-192-1) 
                                  206.112.184.192 - 206.112.184.255

# ARIN WHOIS database, last updated 2009-11-30 20:00
# Enter ? for additional hints on searching ARIN's WHOIS database.
"
marshmallow_36,206.112.184.252,"MCI Communications Services, Inc. d/b/a Verizon Business NETBLK-UUNETCBLK-112 (NET-206-112-0-0-1) 
                                  206.112.0.0 - 206.115.255.255
New World Apps UU-206-112-184-192 (NET-206-112-184-192-1) 
                                  206.112.184.192 - 206.112.184.255

# ARIN WHOIS database, last updated 2009-11-30 20:00
# Enter ? for additional hints on searching ARIN's WHOIS database.
"
MON1QUE,206.112.184.252,"MCI Communications Services, Inc. d/b/a Verizon Business NETBLK-UUNETCBLK-112 (NET-206-112-0-0-1) 
                                  206.112.0.0 - 206.115.255.255
New World Apps UU-206-112-184-192 (NET-206-112-184-192-1) 
                                  206.112.184.192 - 206.112.184.255

# ARIN WHOIS database, last updated 2009-11-30 20:00
# Enter ? for additional hints on searching ARIN's WHOIS database.
"
MSBURNS05,206.112.184.252,"MCI Communications Services, Inc. d/b/a Verizon Business NETBLK-UUNETCBLK-112 (NET-206-112-0-0-1) 
                                  206.112.0.0 - 206.115.255.255
New World Apps UU-206-112-184-192 (NET-206-112-184-192-1) 
                                  206.112.184.192 - 206.112.184.255

# ARIN WHOIS database, last updated 2009-11-30 20:00
# Enter ? for additional hints on searching ARIN's WHOIS database.
"
Muggzzi,206.112.184.252,"MCI Communications Services, Inc. d/b/a Verizon Business NETBLK-UUNETCBLK-112 (NET-206-112-0-0-1) 
                                  206.112.0.0 - 206.115.255.255
New World Apps UU-206-112-184-192 (NET-206-112-184-192-1) 
                                  206.112.184.192 - 206.112.184.255

# ARIN WHOIS database, last updated 2009-11-30 20:00
# Enter ? for additional hints on searching ARIN's WHOIS database.
"
sdaly,206.112.184.252,"MCI Communications Services, Inc. d/b/a Verizon Business NETBLK-UUNETCBLK-112 (NET-206-112-0-0-1) 
                                  206.112.0.0 - 206.115.255.255
New World Apps UU-206-112-184-192 (NET-206-112-184-192-1) 
                                  206.112.184.192 - 206.112.184.255

# ARIN WHOIS database, last updated 2009-11-30 20:00
# Enter ? for additional hints on searching ARIN's WHOIS database.
"
shashank,206.112.184.252,"MCI Communications Services, Inc. d/b/a Verizon Business NETBLK-UUNETCBLK-112 (NET-206-112-0-0-1) 
                                  206.112.0.0 - 206.115.255.255
New World Apps UU-206-112-184-192 (NET-206-112-184-192-1) 
                                  206.112.184.192 - 206.112.184.255

# ARIN WHOIS database, last updated 2009-11-30 20:00
# Enter ? for additional hints on searching ARIN's WHOIS database.
"
skipper135,206.112.184.252,"MCI Communications Services, Inc. d/b/a Verizon Business NETBLK-UUNETCBLK-112 (NET-206-112-0-0-1) 
                                  206.112.0.0 - 206.115.255.255
New World Apps UU-206-112-184-192 (NET-206-112-184-192-1) 
                                  206.112.184.192 - 206.112.184.255

# ARIN WHOIS database, last updated 2009-11-30 20:00
# Enter ? for additional hints on searching ARIN's WHOIS database.
"
staggerlee,206.112.184.252,"MCI Communications Services, Inc. d/b/a Verizon Business NETBLK-UUNETCBLK-112 (NET-206-112-0-0-1) 
                                  206.112.0.0 - 206.115.255.255
New World Apps UU-206-112-184-192 (NET-206-112-184-192-1) 
                                  206.112.184.192 - 206.112.184.255

# ARIN WHOIS database, last updated 2009-11-30 20:00
# Enter ? for additional hints on searching ARIN's WHOIS database.
"
TeddyBear,206.112.184.252,"MCI Communications Services, Inc. d/b/a Verizon Business NETBLK-UUNETCBLK-112 (NET-206-112-0-0-1) 
                                  206.112.0.0 - 206.115.255.255
New World Apps UU-206-112-184-192 (NET-206-112-184-192-1) 
                                  206.112.184.192 - 206.112.184.255

# ARIN WHOIS database, last updated 2009-11-30 20:00
# Enter ? for additional hints on searching ARIN's WHOIS database.
"
thewaycafe,206.112.184.252,"MCI Communications Services, Inc. d/b/a Verizon Business NETBLK-UUNETCBLK-112 (NET-206-112-0-0-1) 
                                  206.112.0.0 - 206.115.255.255
New World Apps UU-206-112-184-192 (NET-206-112-184-192-1) 
                                  206.112.184.192 - 206.112.184.255

# ARIN WHOIS database, last updated 2009-11-30 20:00
# Enter ? for additional hints on searching ARIN's WHOIS database.
"
tlgmr,206.112.184.252,"MCI Communications Services, Inc. d/b/a Verizon Business NETBLK-UUNETCBLK-112 (NET-206-112-0-0-1) 
                                  206.112.0.0 - 206.115.255.255
New World Apps UU-206-112-184-192 (NET-206-112-184-192-1) 
                                  206.112.184.192 - 206.112.184.255

# ARIN WHOIS database, last updated 2009-11-30 20:00
# Enter ? for additional hints on searching ARIN's WHOIS database.
"
uzone2203,206.112.184.252,"MCI Communications Services, Inc. d/b/a Verizon Business NETBLK-UUNETCBLK-112 (NET-206-112-0-0-1) 
                                  206.112.0.0 - 206.115.255.255
New World Apps UU-206-112-184-192 (NET-206-112-184-192-1) 
                                  206.112.184.192 - 206.112.184.255

# ARIN WHOIS database, last updated 2009-11-30 20:00
# Enter ? for additional hints on searching ARIN's WHOIS database.
"
wchang2186,206.112.184.252,"MCI Communications Services, Inc. d/b/a Verizon Business NETBLK-UUNETCBLK-112 (NET-206-112-0-0-1) 
                                  206.112.0.0 - 206.115.255.255
New World Apps UU-206-112-184-192 (NET-206-112-184-192-1) 
                                  206.112.184.192 - 206.112.184.255

# ARIN WHOIS database, last updated 2009-11-30 20:00
# Enter ? for additional hints on searching ARIN's WHOIS database.
"
rantrack,206.53.153.76,Research In Motion Inc.
TSI_Info,206.53.153.76,Research In Motion Inc.
bbs2004,207.200.116.135,Netscape Communications Corp.
Jadmar51,207.200.116.137,Netscape Communications Corp.
charleskrugman,207.200.116.139,Netscape Communications Corp.
ifrdriver,207.200.116.139,Netscape Communications Corp.
JA,207.200.116.139,Netscape Communications Corp.
LilWheel,207.200.116.139,Netscape Communications Corp.
lizabels,207.200.116.139,Netscape Communications Corp.
muradreed,207.200.116.139,Netscape Communications Corp.
MyLivingReef,207.200.116.139,Netscape Communications Corp.
northwestimages,207.200.116.139,Netscape Communications Corp.
option60,207.200.116.139,Netscape Communications Corp.
Harold,207.200.116.14,Netscape Communications Corp.
BusinessWoman,207.200.116.65,Netscape Communications Corp.
clmarine,207.200.116.65,Netscape Communications Corp.
Jenbirdlover,207.200.116.65,Netscape Communications Corp.
bhoganeod,207.200.116.68,Netscape Communications Corp.
CCB,207.200.116.68,Netscape Communications Corp.
ChandlerSearch,207.200.116.70,Netscape Communications Corp.
freeman43,207.200.116.70,Netscape Communications Corp.
annaslockandkey,207.200.116.74,Netscape Communications Corp.
MTOClean,207.200.116.74,Netscape Communications Corp.
Chantal,207.200.116.8,Netscape Communications Corp.
lizabel,207.200.116.8,Netscape Communications Corp.
Mewatchman,207.200.116.8,Netscape Communications Corp.
novatransinc,207.200.116.8,Netscape Communications Corp.
Repairman1,207.200.116.8,Netscape Communications Corp.
ChanceEdwards,208.187.181.136,"Integra Telecom, Inc. ELI-2-NETBLK99 (NET-208-186-0-0-1) 
                                  208.186.0.0 - 208.187.255.255
Off Campus Tele Communications ELI-D0BBB400-3404-607 (NET-208-187-180-0-1) 
                                  208.187.180.0 - 208.187.181.255

# ARIN WHOIS database, last updated 2009-11-30 20:00
# Enter ? for additional hints on searching ARIN's WHOIS database.
"
greggypetty,208.187.181.136,"Integra Telecom, Inc. ELI-2-NETBLK99 (NET-208-186-0-0-1) 
                                  208.186.0.0 - 208.187.255.255
Off Campus Tele Communications ELI-D0BBB400-3404-607 (NET-208-187-180-0-1) 
                                  208.187.180.0 - 208.187.181.255

# ARIN WHOIS database, last updated 2009-11-30 20:00
# Enter ? for additional hints on searching ARIN's WHOIS database.
"
Spacebrown,208.187.181.136,"Integra Telecom, Inc. ELI-2-NETBLK99 (NET-208-186-0-0-1) 
                                  208.186.0.0 - 208.187.255.255
Off Campus Tele Communications ELI-D0BBB400-3404-607 (NET-208-187-180-0-1) 
                                  208.187.180.0 - 208.187.181.255

# ARIN WHOIS database, last updated 2009-11-30 20:00
# Enter ? for additional hints on searching ARIN's WHOIS database.
"
Calvert,209.155.213.170,"PaeTec Communications, Inc."
wsamuel,209.155.213.170,"PaeTec Communications, Inc."
BrianCaine,213.249.185.118,Dynamic address pool for ADSL users
ChrisMarshall,213.249.185.118,Dynamic address pool for ADSL users
naturalstuff,216.185.186.2,"Integra Telecom, Inc."
cotrac,220.224.237.98,Reliance Communications Ltd
pachizeron,222.127.15.250,Globe Telecom/Innove Communication
lizwalk,24.153.200.49,Road Runner HoldCo LLC
jimb12345,24.162.227.50,Road Runner HoldCo LLC
BarbaraWeltman,24.207.192.139,"Charter Communications CHARTERSTL-BLK-2 (NET-24-207-128-0-1) 
                                  24.207.128.0 - 24.207.255.255
Charter Communications CHTRSTL-CUS-BV-UBR02 (NET-24-207-192-0-1) 
                                  24.207.192.0 - 24.207.207.255

# ARIN WHOIS database, last updated 2009-11-30 20:00
# Enter ? for additional hints on searching ARIN's WHOIS database.
"
GloriaLuzier,24.207.192.139,"Charter Communications CHARTERSTL-BLK-2 (NET-24-207-128-0-1) 
                                  24.207.128.0 - 24.207.255.255
Charter Communications CHTRSTL-CUS-BV-UBR02 (NET-24-207-192-0-1) 
                                  24.207.192.0 - 24.207.207.255

# ARIN WHOIS database, last updated 2009-11-30 20:00
# Enter ? for additional hints on searching ARIN's WHOIS database.
"
LynnC,24.39.187.202,Road Runner HoldCo LLC
WrightE,24.39.187.202,Road Runner HoldCo LLC
jacquelinem80,24.53.72.245,"Helicon Cable Communications, LLC"
tinalouise81,24.53.72.245,"Helicon Cable Communications, LLC"
capitalinvest,41.220.75.3,IP Block Assigned for Mobile Data Services Network at Ojota
eunice,41.220.75.3,IP Block Assigned for Mobile Data Services Network at Ojota
hairtinsel,58.19.23.80,China Unicom HuBei Province Network
bayo,60.50.166.216,Telekom Malaysia Berhad
epo,60.50.166.216,Telekom Malaysia Berhad
Hubo,60.50.166.216,Telekom Malaysia Berhad
sund,60.50.166.216,Telekom Malaysia Berhad
Insurer,62.205.171.181,Bayterg
JackTilburY,62.240.242.25,Claranet France ADSL
Sebastien,62.240.242.25,Claranet France ADSL
gdlong,63.241.202.8,CERFnet
Hilaire,63.241.202.8,CERFnet
johndbecker,63.241.202.8,CERFnet
knoblock,63.241.202.8,CERFnet
LNelson,63.241.202.8,CERFnet
mndak1980,63.241.202.8,CERFnet
NWBC,63.241.202.8,CERFnet
owbo,63.241.202.8,CERFnet
pchristy,63.241.202.8,CERFnet
Percy,63.241.202.8,CERFnet
sba_milano,63.241.202.8,CERFnet
taxman1078,63.241.202.8,CERFnet
FairSB,64.12.112.164,"America Online, Inc."
jtbrktects,64.12.112.164,"America Online, Inc."
bobbeckner,64.12.112.204,"America Online, Inc."
JesseMVMI,64.12.112.204,"America Online, Inc."
cindytreasures,64.12.116.10,"America Online, Inc."
cogeye,64.12.116.10,"America Online, Inc."
delamaria,64.12.116.10,"America Online, Inc."
Freddy1,64.12.116.10,"America Online, Inc."
mlh,64.12.116.10,"America Online, Inc."
tonyrail,64.12.116.10,"America Online, Inc."
akiba37,64.12.116.13,"America Online, Inc."
ronnie,64.12.116.13,"America Online, Inc."
LarryRay1,64.12.116.134,"America Online, Inc."
Fanman,64.12.116.135,"America Online, Inc."
mjacob,64.12.116.135,"America Online, Inc."
FlaDAmes,64.12.116.136,"America Online, Inc."
Keychain74,64.12.116.136,"America Online, Inc."
milmoore,64.12.116.137,"America Online, Inc."
Pavid,64.12.116.137,"America Online, Inc."
M265888541400,64.12.116.138,"America Online, Inc."
AveMariaSacred,64.12.116.141,"America Online, Inc."
Herbdrill,64.12.116.141,"America Online, Inc."
Wfmiller,64.12.116.141,"America Online, Inc."
Amjani,64.12.116.15,"America Online, Inc."
aquaticas5,64.12.116.15,"America Online, Inc."
BLCOHEN,64.12.116.15,"America Online, Inc."
DaraWestra,64.12.116.15,"America Online, Inc."
DOBK3378,64.12.116.15,"America Online, Inc."
USAPaul,64.12.116.15,"America Online, Inc."
ddgranite2,64.12.116.198,"America Online, Inc."
treat2u,64.12.116.198,"America Online, Inc."
maryxx,64.12.116.201,"America Online, Inc."
Frenv,64.12.116.203,"America Online, Inc."
gccrawford,64.12.116.203,"America Online, Inc."
Jefferson,64.12.116.203,"America Online, Inc."
rcogwell,64.12.116.203,"America Online, Inc."
livnitup74,64.12.116.207,"America Online, Inc."
sk1313,64.12.116.207,"America Online, Inc."
Artshopprints,64.12.116.209,"America Online, Inc."
ocean,64.12.116.209,"America Online, Inc."
MLCommTech,64.12.116.73,"America Online, Inc."
chatkoppar,64.12.117.14,"America Online, Inc."
Napoleon,64.12.117.14,"America Online, Inc."
PeopleScapes,64.12.117.14,"America Online, Inc."
MJames,64.12.117.20,"America Online, Inc."
pbs2mellow,64.12.117.20,"America Online, Inc."
2BNBIZ,64.12.117.74,"America Online, Inc."
Airman,64.12.117.74,"America Online, Inc."
BlackmonRN,64.12.117.74,"America Online, Inc."
cortonjon,64.12.117.74,"America Online, Inc."
d1esel,64.12.117.74,"America Online, Inc."
Dr-Ljones,64.12.117.74,"America Online, Inc."
fleeharper,64.12.117.74,"America Online, Inc."
Inquirer,64.12.117.74,"America Online, Inc."
JWealth,64.12.117.74,"America Online, Inc."
pversace,64.12.117.74,"America Online, Inc."
TidyCup,64.12.117.74,"America Online, Inc."
Buckeyeten,64.12.117.75,"America Online, Inc."
jchiggins,64.12.117.75,"America Online, Inc."
STJ,64.12.117.75,"America Online, Inc."
jamesbailey,64.12.117.80,"America Online, Inc."
kayo,64.12.117.80,"America Online, Inc."
mom2jjandnat,64.136.27.225,"Juno Online Services, Inc."
roberthuggins,64.136.27.225,"Juno Online Services, Inc."
Buzgate,64.140.204.198,WorldPath Internet Services
Ami100,64.201.247.2,"PAXIO INC SFBA-PAXIO (NET-64-201-240-0-1) 
                                  64.201.240.0 - 64.201.255.255
LITHIUM PAXIO-01-LITHIUM (NET-64-201-247-0-1) 
                                  64.201.247.0 - 64.201.247.255

# ARIN WHOIS database, last updated 2009-11-30 20:00
# Enter ? for additional hints on searching ARIN's WHOIS database.
"
christine,64.201.247.2,"PAXIO INC SFBA-PAXIO (NET-64-201-240-0-1) 
                                  64.201.240.0 - 64.201.255.255
LITHIUM PAXIO-01-LITHIUM (NET-64-201-247-0-1) 
                                  64.201.247.0 - 64.201.247.255

# ARIN WHOIS database, last updated 2009-11-30 20:00
# Enter ? for additional hints on searching ARIN's WHOIS database.
"
emmang,64.201.247.2,"PAXIO INC SFBA-PAXIO (NET-64-201-240-0-1) 
                                  64.201.240.0 - 64.201.255.255
LITHIUM PAXIO-01-LITHIUM (NET-64-201-247-0-1) 
                                  64.201.247.0 - 64.201.247.255

# ARIN WHOIS database, last updated 2009-11-30 20:00
# Enter ? for additional hints on searching ARIN's WHOIS database.
"
kaela,64.201.247.2,"PAXIO INC SFBA-PAXIO (NET-64-201-240-0-1) 
                                  64.201.240.0 - 64.201.255.255
LITHIUM PAXIO-01-LITHIUM (NET-64-201-247-0-1) 
                                  64.201.247.0 - 64.201.247.255

# ARIN WHOIS database, last updated 2009-11-30 20:00
# Enter ? for additional hints on searching ARIN's WHOIS database.
"
Li-ErikL,64.201.247.2,"PAXIO INC SFBA-PAXIO (NET-64-201-240-0-1) 
                                  64.201.240.0 - 64.201.255.255
LITHIUM PAXIO-01-LITHIUM (NET-64-201-247-0-1) 
                                  64.201.247.0 - 64.201.247.255

# ARIN WHOIS database, last updated 2009-11-30 20:00
# Enter ? for additional hints on searching ARIN's WHOIS database.
"
li-lynne,64.201.247.2,"PAXIO INC SFBA-PAXIO (NET-64-201-240-0-1) 
                                  64.201.240.0 - 64.201.255.255
LITHIUM PAXIO-01-LITHIUM (NET-64-201-247-0-1) 
                                  64.201.247.0 - 64.201.247.255

# ARIN WHOIS database, last updated 2009-11-30 20:00
# Enter ? for additional hints on searching ARIN's WHOIS database.
"
li-pauld,64.201.247.2,"PAXIO INC SFBA-PAXIO (NET-64-201-240-0-1) 
                                  64.201.240.0 - 64.201.255.255
LITHIUM PAXIO-01-LITHIUM (NET-64-201-247-0-1) 
                                  64.201.247.0 - 64.201.247.255

# ARIN WHOIS database, last updated 2009-11-30 20:00
# Enter ? for additional hints on searching ARIN's WHOIS database.
"
Lithium-Admin,64.201.247.2,"PAXIO INC SFBA-PAXIO (NET-64-201-240-0-1) 
                                  64.201.240.0 - 64.201.255.255
LITHIUM PAXIO-01-LITHIUM (NET-64-201-247-0-1) 
                                  64.201.247.0 - 64.201.247.255

# ARIN WHOIS database, last updated 2009-11-30 20:00
# Enter ? for additional hints on searching ARIN's WHOIS database.
"
MikeV,64.201.247.2,"PAXIO INC SFBA-PAXIO (NET-64-201-240-0-1) 
                                  64.201.240.0 - 64.201.255.255
LITHIUM PAXIO-01-LITHIUM (NET-64-201-247-0-1) 
                                  64.201.247.0 - 64.201.247.255

# ARIN WHOIS database, last updated 2009-11-30 20:00
# Enter ? for additional hints on searching ARIN's WHOIS database.
"
Robb,64.201.247.2,"PAXIO INC SFBA-PAXIO (NET-64-201-240-0-1) 
                                  64.201.240.0 - 64.201.255.255
LITHIUM PAXIO-01-LITHIUM (NET-64-201-247-0-1) 
                                  64.201.247.0 - 64.201.247.255

# ARIN WHOIS database, last updated 2009-11-30 20:00
# Enter ? for additional hints on searching ARIN's WHOIS database.
"
scottd,64.201.247.2,"PAXIO INC SFBA-PAXIO (NET-64-201-240-0-1) 
                                  64.201.240.0 - 64.201.255.255
LITHIUM PAXIO-01-LITHIUM (NET-64-201-247-0-1) 
                                  64.201.247.0 - 64.201.247.255

# ARIN WHOIS database, last updated 2009-11-30 20:00
# Enter ? for additional hints on searching ARIN's WHOIS database.
"
bmienterprisesi,64.241.37.140,"Savvis SAVVIS8 (NET-64-240-0-0-1) 
                                  64.240.0.0 - 64.243.255.255
Panera LLC SAVV-S227644-5 (NET-64-241-37-0-1) 
                                  64.241.37.0 - 64.241.37.255

# ARIN WHOIS database, last updated 2009-11-30 20:00
# Enter ? for additional hints on searching ARIN's WHOIS database.
"
getsmartmoodle,64.241.37.140,"Savvis SAVVIS8 (NET-64-240-0-0-1) 
                                  64.240.0.0 - 64.243.255.255
Panera LLC SAVV-S227644-5 (NET-64-241-37-0-1) 
                                  64.241.37.0 - 64.241.37.255

# ARIN WHOIS database, last updated 2009-11-30 20:00
# Enter ? for additional hints on searching ARIN's WHOIS database.
"
hellodolly,66.119.222.206,Northwest Open Access Network
jaja23,66.119.222.206,Northwest Open Access Network
stevehi1,66.119.222.206,Northwest Open Access Network
televi1,66.119.222.206,Northwest Open Access Network
rexhammock,66.199.14.228,"Xspedius Communications Co. XSPEDIUS-BLK-2 (NET-66-199-0-0-1) 
                                  66.199.0.0 - 66.199.31.255
HAMMOCK PUBLISHING HAMMOC-200704260658505 (NET-66-199-14-224-1) 
                                  66.199.14.224 - 66.199.14.231

# ARIN WHOIS database, last updated 2009-11-30 20:00
# Enter ? for additional hints on searching ARIN's WHOIS database.
"
smallbusiness,66.199.14.228,"Xspedius Communications Co. XSPEDIUS-BLK-2 (NET-66-199-0-0-1) 
                                  66.199.0.0 - 66.199.31.255
HAMMOCK PUBLISHING HAMMOC-200704260658505 (NET-66-199-14-224-1) 
                                  66.199.14.224 - 66.199.14.231

# ARIN WHOIS database, last updated 2009-11-30 20:00
# Enter ? for additional hints on searching ARIN's WHOIS database.
"
MAMMIE,66.213.29.2,Ohio Public Library Information Network (OPLIN)
stevebux,66.213.29.2,Ohio Public Library Information Network (OPLIN)
Motels,66.41.101.172,"Comcast Cable Communications Holdings, Inc"
SecretDiamond,66.41.101.172,"Comcast Cable Communications Holdings, Inc"
jessej09,66.74.192.31,Road Runner HoldCo LLC
rayzist,66.74.192.31,Road Runner HoldCo LLC
david,66.82.9.54,Hughes Network Systems
gsimone,67.105.228.220,XO Communications
mlelange,67.105.228.220,XO Communications
skeith,67.105.228.220,XO Communications
suetest,67.105.228.220,XO Communications
Tjohns06,67.105.228.220,XO Communications
gopinathpt,67.172.82.176,"Comcast Cable Communications, Inc. COMCAST (NET-67-160-0-0-1) 
                                  67.160.0.0 - 67.191.255.255
Comcast Cable Communications, IP Services MICHIGAN-L-3 (NET-67-172-80-0-1) 
                                  67.172.80.0 - 67.172.95.255

# ARIN WHOIS database, last updated 2009-11-30 20:00
# Enter ? for additional hints on searching ARIN's WHOIS database.
"
waterkefirworks,67.176.186.44,"Comcast Cable Communications, Inc. COMCAST (NET-67-160-0-0-1) 
                                  67.160.0.0 - 67.191.255.255
Comcast Cable Communications, Inc ILLINOIS-20 (NET-67-176-128-0-1) 
                                  67.176.128.0 - 67.176.255.255

# ARIN WHOIS database, last updated 2009-11-30 20:00
# Enter ? for additional hints on searching ARIN's WHOIS database.
"
Lillychocolat,67.207.8.8,The University of Texas at Brownsville
chris098,67.83.178.56,"Optimum Online NETBLK-OOL-4BLK (NET-67-80-0-0-1) 
                                  67.80.0.0 - 67.87.255.255
Optimum Online (Cablevision Systems) OOL-CPE-HCKNNJ-67-83-176-0-20 (NET-67-83-176-0-1) 
                                  67.83.176.0 - 67.83.191.255

# ARIN WHOIS database, last updated 2009-11-30 20:00
# Enter ? for additional hints on searching ARIN's WHOIS database.
"
londonlocksmith,67.83.178.56,"Optimum Online NETBLK-OOL-4BLK (NET-67-80-0-0-1) 
                                  67.80.0.0 - 67.87.255.255
Optimum Online (Cablevision Systems) OOL-CPE-HCKNNJ-67-83-176-0-20 (NET-67-83-176-0-1) 
                                  67.83.176.0 - 67.83.191.255

# ARIN WHOIS database, last updated 2009-11-30 20:00
# Enter ? for additional hints on searching ARIN's WHOIS database.
"
ramsharan,67.83.178.56,"Optimum Online NETBLK-OOL-4BLK (NET-67-80-0-0-1) 
                                  67.80.0.0 - 67.87.255.255
Optimum Online (Cablevision Systems) OOL-CPE-HCKNNJ-67-83-176-0-20 (NET-67-83-176-0-1) 
                                  67.83.176.0 - 67.83.191.255

# ARIN WHOIS database, last updated 2009-11-30 20:00
# Enter ? for additional hints on searching ARIN's WHOIS database.
"
usa09,67.83.178.56,"Optimum Online NETBLK-OOL-4BLK (NET-67-80-0-0-1) 
                                  67.80.0.0 - 67.87.255.255
Optimum Online (Cablevision Systems) OOL-CPE-HCKNNJ-67-83-176-0-20 (NET-67-83-176-0-1) 
                                  67.83.176.0 - 67.83.191.255

# ARIN WHOIS database, last updated 2009-11-30 20:00
# Enter ? for additional hints on searching ARIN's WHOIS database.
"
Call-Center,68.101.114.81,"Cox Communications Inc. NETBLK-OC-RDC-68-101-96-0 (NET-68-101-96-0-1) 
                                  68.101.96.0 - 68.101.127.255
Cox Communications Inc. COX-ATLANTA-2 (NET-68-96-0-0-1) 
                                  68.96.0.0 - 68.111.255.255

# ARIN WHOIS database, last updated 2009-11-30 20:00
# Enter ? for additional hints on searching ARIN's WHOIS database.
"
LarryVolz,68.111.209.215,"Cox Communications Inc. COX-ATLANTA-2 (NET-68-96-0-0-1) 
                                  68.96.0.0 - 68.111.255.255
Cox Communications NETBLK-SD-RDC-68-111-128-0 (NET-68-111-128-0-1) 
                                  68.111.128.0 - 68.111.255.255

# ARIN WHOIS database, last updated 2009-11-30 20:00
# Enter ? for additional hints on searching ARIN's WHOIS database.
"
mgerber,68.148.136.83,Shaw Communications Inc.
ComitSteve,69.1.166.195,"Lafayette Consolidated Government LUSNET-NET (NET-69-1-160-0-1) 
                                  69.1.160.0 - 69.1.191.255
Abacus Data Exchange LCG-LUS-CUST-ABACUSMARKETING-69-1-166M23 (NET-69-1-166-0-1) 
                                  69.1.166.0 - 69.1.167.255

# ARIN WHOIS database, last updated 2009-11-30 20:00
# Enter ? for additional hints on searching ARIN's WHOIS database.
"
Frismschism,69.1.166.195,"Lafayette Consolidated Government LUSNET-NET (NET-69-1-160-0-1) 
                                  69.1.160.0 - 69.1.191.255
Abacus Data Exchange LCG-LUS-CUST-ABACUSMARKETING-69-1-166M23 (NET-69-1-166-0-1) 
                                  69.1.166.0 - 69.1.167.255

# ARIN WHOIS database, last updated 2009-11-30 20:00
# Enter ? for additional hints on searching ARIN's WHOIS database.
"
mileyb,69.132.20.168,Road Runner HoldCo LLC
sandylkn,69.132.20.168,Road Runner HoldCo LLC
michhamp,69.241.82.132,"Comcast Cable Communications, Inc. JUMPSTART-4 (NET-69-240-0-0-1) 
                                  69.240.0.0 - 69.255.255.255
Comcast Cable Communications, Inc. COMAST-19 (NET-69-241-64-0-1) 
                                  69.241.64.0 - 69.241.127.255

# ARIN WHOIS database, last updated 2009-11-30 20:00
# Enter ? for additional hints on searching ARIN's WHOIS database.
"
Hyderwill,69.34.148.196,Embarq Corporation
Willhyder,69.34.148.196,Embarq Corporation
OurBiz,71.121.69.64,Verizon Internet Services Inc.
Shekinah,71.121.69.64,Verizon Internet Services Inc.
kittengloran,71.135.55.31,"AT&T Internet Services SBCIS-SIS80 (NET-71-128-0-0-1) 
                                  71.128.0.0 - 71.159.255.255
PPPoX Pool - bras19a.pltnca SBCIS-111705083515 (NET-71-135-48-0-1) 
                                  71.135.48.0 - 71.135.63.255

# ARIN WHOIS database, last updated 2009-11-30 20:00
# Enter ? for additional hints on searching ARIN's WHOIS database.
"
marozian,71.191.53.192,Verizon Internet Services Inc.
marozian2,71.191.53.192,Verizon Internet Services Inc.
Anthony1944,71.226.3.162,"Comcast Cable Communications, Inc. JUMPSTART-5 (NET-71-224-0-0-1) 
                                  71.224.0.0 - 71.239.255.255
Comcast Cable Communications, Inc. AUGUSTA-4 (NET-71-226-0-0-1) 
                                  71.226.0.0 - 71.226.15.255

# ARIN WHOIS database, last updated 2009-11-30 20:00
# Enter ? for additional hints on searching ARIN's WHOIS database.
"
mrthirdparty,71.226.3.162,"Comcast Cable Communications, Inc. JUMPSTART-5 (NET-71-224-0-0-1) 
                                  71.224.0.0 - 71.239.255.255
Comcast Cable Communications, Inc. AUGUSTA-4 (NET-71-226-0-0-1) 
                                  71.226.0.0 - 71.226.15.255

# ARIN WHOIS database, last updated 2009-11-30 20:00
# Enter ? for additional hints on searching ARIN's WHOIS database.
"
AutoInsurance,71.55.252.72,Embarq Corporation
HealthInsurance,71.55.252.72,Embarq Corporation
HomeInsurance,71.55.252.72,Embarq Corporation
Insurance,71.55.252.72,Embarq Corporation
LifeInsurance,71.55.252.72,Embarq Corporation
creeksidefarm,72.155.61.3,BellSouth.net Inc.
farmerbrown,72.155.61.3,BellSouth.net Inc.
atgcarrepair,72.194.219.67,"Cox Communications Inc. NETBLK-COX-ATLANTA-11 (NET-72-192-0-0-1) 
                                  72.192.0.0 - 72.223.255.255
Cox Communications NETBLK-SD-RDC-72-194-208-0 (NET-72-194-208-0-1) 
                                  72.194.208.0 - 72.194.223.255

# ARIN WHOIS database, last updated 2009-11-30 20:00
# Enter ? for additional hints on searching ARIN's WHOIS database.
"
autotrends,72.194.219.67,"Cox Communications Inc. NETBLK-COX-ATLANTA-11 (NET-72-192-0-0-1) 
                                  72.192.0.0 - 72.223.255.255
Cox Communications NETBLK-SD-RDC-72-194-208-0 (NET-72-194-208-0-1) 
                                  72.194.208.0 - 72.194.223.255

# ARIN WHOIS database, last updated 2009-11-30 20:00
# Enter ? for additional hints on searching ARIN's WHOIS database.
"
ayersrepairs,72.194.219.67,"Cox Communications Inc. NETBLK-COX-ATLANTA-11 (NET-72-192-0-0-1) 
                                  72.192.0.0 - 72.223.255.255
Cox Communications NETBLK-SD-RDC-72-194-208-0 (NET-72-194-208-0-1) 
                                  72.194.208.0 - 72.194.223.255

# ARIN WHOIS database, last updated 2009-11-30 20:00
# Enter ? for additional hints on searching ARIN's WHOIS database.
"
Erickrebsauto,72.194.219.67,"Cox Communications Inc. NETBLK-COX-ATLANTA-11 (NET-72-192-0-0-1) 
                                  72.192.0.0 - 72.223.255.255
Cox Communications NETBLK-SD-RDC-72-194-208-0 (NET-72-194-208-0-1) 
                                  72.194.208.0 - 72.194.223.255

# ARIN WHOIS database, last updated 2009-11-30 20:00
# Enter ? for additional hints on searching ARIN's WHOIS database.
"
schnediersauto,72.194.219.67,"Cox Communications Inc. NETBLK-COX-ATLANTA-11 (NET-72-192-0-0-1) 
                                  72.192.0.0 - 72.223.255.255
Cox Communications NETBLK-SD-RDC-72-194-208-0 (NET-72-194-208-0-1) 
                                  72.194.208.0 - 72.194.223.255

# ARIN WHOIS database, last updated 2009-11-30 20:00
# Enter ? for additional hints on searching ARIN's WHOIS database.
"
topshopsb,72.194.219.67,"Cox Communications Inc. NETBLK-COX-ATLANTA-11 (NET-72-192-0-0-1) 
                                  72.192.0.0 - 72.223.255.255
Cox Communications NETBLK-SD-RDC-72-194-208-0 (NET-72-194-208-0-1) 
                                  72.194.208.0 - 72.194.223.255

# ARIN WHOIS database, last updated 2009-11-30 20:00
# Enter ? for additional hints on searching ARIN's WHOIS database.
"
ockclaw,72.201.71.6,"Cox Communications Inc. NETBLK-COX-ATLANTA-11 (NET-72-192-0-0-1) 
                                  72.192.0.0 - 72.223.255.255
Cox Communications NETBLK-PH-RDC-72-201-0-0 (NET-72-201-0-0-1) 
                                  72.201.0.0 - 72.201.255.255

# ARIN WHOIS database, last updated 2009-11-30 20:00
# Enter ? for additional hints on searching ARIN's WHOIS database.
"
tylergheller,72.201.71.6,"Cox Communications Inc. NETBLK-COX-ATLANTA-11 (NET-72-192-0-0-1) 
                                  72.192.0.0 - 72.223.255.255
Cox Communications NETBLK-PH-RDC-72-201-0-0 (NET-72-201-0-0-1) 
                                  72.201.0.0 - 72.201.255.255

# ARIN WHOIS database, last updated 2009-11-30 20:00
# Enter ? for additional hints on searching ARIN's WHOIS database.
"
newo10,72.27.168.19,Cable and Wireless Jamaica
newo1010,72.27.168.19,Cable and Wireless Jamaica
sdavis,72.88.167.141,Verizon Internet Services Inc.
seandavis,72.88.167.141,Verizon Internet Services Inc.
locksmith,72.88.212.218,"Verizon Internet Services Inc. VIS-72-64 (NET-72-87-64-0-1) 
                                  72.87.64.0 - 72.92.127.255
FIND LOCKSMITH FTTP (NET-72-88-212-216-1) 
                                  72.88.212.216 - 72.88.212.223

# ARIN WHOIS database, last updated 2009-11-30 20:00
# Enter ? for additional hints on searching ARIN's WHOIS database.
"
nycattorney,74.215.236.199,Fuse Internet Access
rajksinha,75.103.8.154,"Regus Business Center, LLC"
smallbizhope,75.103.8.154,"Regus Business Center, LLC"
Boots12,76.120.147.211,"Comcast Cable Communications, Inc. JUMPSTART-5 (NET-76-96-0-0-1) 
                                  76.96.0.0 - 76.127.255.255
Comcast Cable Communications, Inc. PENNSYLVANIA-20 (NET-76-120-128-0-1) 
                                  76.120.128.0 - 76.120.191.255

# ARIN WHOIS database, last updated 2009-11-30 20:00
# Enter ? for additional hints on searching ARIN's WHOIS database.
"
GreenDegree,76.120.147.211,"Comcast Cable Communications, Inc. JUMPSTART-5 (NET-76-96-0-0-1) 
                                  76.96.0.0 - 76.127.255.255
Comcast Cable Communications, Inc. PENNSYLVANIA-20 (NET-76-120-128-0-1) 
                                  76.120.128.0 - 76.120.191.255

# ARIN WHOIS database, last updated 2009-11-30 20:00
# Enter ? for additional hints on searching ARIN's WHOIS database.
"
SolarTraining,76.120.147.211,"Comcast Cable Communications, Inc. JUMPSTART-5 (NET-76-96-0-0-1) 
                                  76.96.0.0 - 76.127.255.255
Comcast Cable Communications, Inc. PENNSYLVANIA-20 (NET-76-120-128-0-1) 
                                  76.120.128.0 - 76.120.191.255

# ARIN WHOIS database, last updated 2009-11-30 20:00
# Enter ? for additional hints on searching ARIN's WHOIS database.
"
UnitekCollege,76.120.147.211,"Comcast Cable Communications, Inc. JUMPSTART-5 (NET-76-96-0-0-1) 
                                  76.96.0.0 - 76.127.255.255
Comcast Cable Communications, Inc. PENNSYLVANIA-20 (NET-76-120-128-0-1) 
                                  76.120.128.0 - 76.120.191.255

# ARIN WHOIS database, last updated 2009-11-30 20:00
# Enter ? for additional hints on searching ARIN's WHOIS database.
"
WindTraining,76.120.147.211,"Comcast Cable Communications, Inc. JUMPSTART-5 (NET-76-96-0-0-1) 
                                  76.96.0.0 - 76.127.255.255
Comcast Cable Communications, Inc. PENNSYLVANIA-20 (NET-76-120-128-0-1) 
                                  76.120.128.0 - 76.120.191.255

# ARIN WHOIS database, last updated 2009-11-30 20:00
# Enter ? for additional hints on searching ARIN's WHOIS database.
"
Chris,76.247.80.1,"AT&T Internet Services SBCIS-SBIS-6BLK (NET-76-192-0-0-1) 
                                  76.192.0.0 - 76.255.255.255
SING TAO NEWSPAPER-070807142429 SBC-76-247-80-0-29-0708072442 (NET-76-247-80-0-1) 
                                  76.247.80.0 - 76.247.80.7

# ARIN WHOIS database, last updated 2009-11-30 20:00
# Enter ? for additional hints on searching ARIN's WHOIS database.
"
vintech,76.247.80.1,"AT&T Internet Services SBCIS-SBIS-6BLK (NET-76-192-0-0-1) 
                                  76.192.0.0 - 76.255.255.255
SING TAO NEWSPAPER-070807142429 SBC-76-247-80-0-29-0708072442 (NET-76-247-80-0-1) 
                                  76.247.80.0 - 76.247.80.7

# ARIN WHOIS database, last updated 2009-11-30 20:00
# Enter ? for additional hints on searching ARIN's WHOIS database.
"
tolo1987,78.141.95.120,"Orange Slovensko, a.s."
tolo87,78.141.95.120,"Orange Slovensko, a.s."
virvar,80.212.80.179,Telenor Business Solution AS
paulwilliams,93.74.19.219,Volia Subnet
fantasme,96.21.222.188,Le Groupe Videotron Ltee
florentelectro,96.21.222.188,Le Groupe Videotron Ltee
Perdre_Du_Poids,96.21.222.188,Le Groupe Videotron Ltee
nfljerseys,96.30.14.88,Cogswell Enterprises Inc.
bfoxequity,98.149.174.189,Road Runner HoldCo LLC
simonlandmann,98.149.174.189,Road Runner HoldCo LLC
SafetySkills,98.175.175.180,"Cox Communications Inc. CXA (NET-98-160-0-0-1) 
                                  98.160.0.0 - 98.191.255.255
Cox Communications NETBLK-OK-CBS-98-175-168-0 (NET-98-175-168-0-1) 
                                  98.175.168.0 - 98.175.175.255

# ARIN WHOIS database, last updated 2009-11-30 20:00
# Enter ? for additional hints on searching ARIN's WHOIS database.
"
discountdealer,98.192.123.80,"Comcast Cable Communications, Inc. JUMPSTART-5 (NET-98-192-0-0-1) 
                                  98.192.0.0 - 98.255.255.255
Comcast Cable Communications, Inc. ATLANTA-CPE-18 (NET-98-192-0-0-2) 
                                  98.192.0.0 - 98.192.127.255

# ARIN WHOIS database, last updated 2009-11-30 20:00
# Enter ? for additional hints on searching ARIN's WHOIS database.
"
Dinerman,98.194.78.104,"Comcast Cable Communications, Inc. JUMPSTART-5 (NET-98-192-0-0-1) 
                                  98.192.0.0 - 98.255.255.255
Comcast Cable Communications, Inc. HOUSTON-3 (NET-98-194-0-0-1) 
                                  98.194.0.0 - 98.195.255.255

# ARIN WHOIS database, last updated 2009-11-30 20:00
# Enter ? for additional hints on searching ARIN's WHOIS database.
"
Lavonne,98.194.78.104,"Comcast Cable Communications, Inc. JUMPSTART-5 (NET-98-192-0-0-1) 
                                  98.192.0.0 - 98.255.255.255
Comcast Cable Communications, Inc. HOUSTON-3 (NET-98-194-0-0-1) 
                                  98.194.0.0 - 98.195.255.255

# ARIN WHOIS database, last updated 2009-11-30 20:00
# Enter ? for additional hints on searching ARIN's WHOIS database.
"
bigmark,98.209.136.89,"Comcast Cable Communications, Inc. JUMPSTART-5 (NET-98-192-0-0-1) 
                                  98.192.0.0 - 98.255.255.255
Comcast Cable Communications, Inc. MICHIGAN-36 (NET-98-209-0-0-1) 
                                  98.209.0.0 - 98.209.255.255

# ARIN WHOIS database, last updated 2009-11-30 20:00
# Enter ? for additional hints on searching ARIN's WHOIS database.
"
dtyson,98.212.129.226,"Comcast Cable Communications, Inc. JUMPSTART-5 (NET-98-192-0-0-1) 
                                  98.192.0.0 - 98.255.255.255
Comcast Cable Communications, Inc. ILLINOIS-34 (NET-98-212-0-0-1) 
                                  98.212.0.0 - 98.215.255.255

# ARIN WHOIS database, last updated 2009-11-30 20:00
# Enter ? for additional hints on searching ARIN's WHOIS database.
"
Chazwalker,98.220.144.170,"Comcast Cable Communications, Inc."
Chazwalker1,98.220.144.170,"Comcast Cable Communications, Inc."
EngagementRing,98.240.231.104,"Comcast Cable Communications, Inc. JUMPSTART-5 (NET-98-192-0-0-1) 
                                  98.192.0.0 - 98.255.255.255
Comcast Cable Communications, Inc. MINNESOTA-15 (NET-98-240-128-0-1) 
                                  98.240.128.0 - 98.240.255.255

# ARIN WHOIS database, last updated 2009-11-30 20:00
# Enter ? for additional hints on searching ARIN's WHOIS database.
"
file_recovery,98.240.231.104,"Comcast Cable Communications, Inc. JUMPSTART-5 (NET-98-192-0-0-1) 
                                  98.192.0.0 - 98.255.255.255
Comcast Cable Communications, Inc. MINNESOTA-15 (NET-98-240-128-0-1) 
                                  98.240.128.0 - 98.240.255.255

# ARIN WHOIS database, last updated 2009-11-30 20:00
# Enter ? for additional hints on searching ARIN's WHOIS database.
"
Motels_Hotels,98.240.231.104,"Comcast Cable Communications, Inc. JUMPSTART-5 (NET-98-192-0-0-1) 
                                  98.192.0.0 - 98.255.255.255
Comcast Cable Communications, Inc. MINNESOTA-15 (NET-98-240-128-0-1) 
                                  98.240.128.0 - 98.240.255.255

# ARIN WHOIS database, last updated 2009-11-30 20:00
# Enter ? for additional hints on searching ARIN's WHOIS database.
"
mattwi,98.247.170.31,"Comcast Cable Communications, Inc. JUMPSTART-5 (NET-98-192-0-0-1) 
                                  98.192.0.0 - 98.255.255.255
Comcast Cable Communications, Inc. WASHINGTON-24 (NET-98-247-0-0-1) 
                                  98.247.0.0 - 98.247.255.255

# ARIN WHOIS database, last updated 2009-11-30 20:00
# Enter ? for additional hints on searching ARIN's WHOIS database.
"
sammyjk1,98.30.227.137,Road Runner HoldCo LLC
sammyjkck1,98.30.227.137,Road Runner HoldCo LLC
